"screen_name","mentions_screen_name"
"001cb2","b7ef17"
"002e6f","e8885b"
"005da3","35be99"
"0061c5","d76698,5e7263,325d59,325d59"
"006bef","88f179"
"007000","b670fd"
"008bb2","528e31,b34c7e"
"009f0b","1c8318"
"00a2d5","625a75,c6b5fe"
"00b437","0aafb6,5bd1d2,825bc3,31cf23"
"00da45","66918b"
"00fcf0","1397ce"
"0105c0","36be26,b27928"
"01172b","fde290"
"011c42","549cd6"
"0158da","172522"
"017e5e","07f610"
"0185a8","eb459f"
"018f1a","715ad4,5e1fb4"
"01ac08","68741a,69d6d3,d4cbe1,1ac91e,68741a,c0047f,d27f33"
"01b9c4","07a49c,6db6c7"
"01dcbf","4befbc,55c76f"
"020c89","17c95a,708504"
"02337b","5bd1d2"
"024f6c","eb399b"
"025011","73a193,73a193"
"025360","23b594"
"02537f","113c1b"
"025528","d4a937,0aafb6,b7ef17,a88bf6,80b751"
"0272ad","31cf23"
"027c41","765522"
"028967","22a592"
"028e5b","93d287"
"029470","66918b"
"02a4b2","8705f8,180dcb,8705f8,180dcb,8705f8,180dcb"
"02af66","0885c2"
"02edc1","0cf1bf"
"02f2ff","faa3e4,982eaa"
"03105f","e7fd1d"
"032228","0f1dce"
"032284","a1d2f4,05f376"
"032bfd","8e3f73"
"033c6a","dd1876,b3b57a,d4cbe1"
"035037","5dcfdc,9c1dd1"
"03604b","0ac1b0,fb6060,b329e2,c3ea54"
"03608a","b03c86,feed81,c0e638"
"036f32","6a9c0c,0300a9"
"037a25","8f37cf,8f37cf,1e10e7,a06f2b"
"03b506","fea019,7e6b6c"
"03c23e","e95296"
"03d30e","4af287,d58239,d4cbe1,1397ce,49defc"
"03df37","638967"
"03e353","2a9e2d"
"03f08c","66ca4e,66ca4e,66ca4e,66ca4e,66ca4e,66ca4e,66ca4e,66ca4e,66ca4e,66ca4e,66ca4e,66ca4e"
"041245","97cc4f,1003eb,b3cdb3"
"042736","12bed6,31cf23,bb4188"
"042b01","ccbfbd"
"043c16","6a17fe"
"044e43","4a655f"
"04549f","1397ce"
"045d37","31cf23"
"046251","31cf23"
"0464db","73484f,95cc64,29000b,c0115e,c8fbc4,423109,191baa,95cc64,cfa655,756961"
"047303","3f5289"
"049f49","07f610"
"04b3e1","45de19,2a8c0a,5e1fb4"
"04bad8","b487c3,b958c4"
"04d06a","075a3e"
"0506ba","45242b"
"05097e","3e6172,090264"
"051360","07f610"
"051abc","b1b472,f41d1e,7c8d3b"
"051d7a","ded482"
"051e18","31cf23"
"058930","35be99,5bd1d2,ebd2d0,43288a,35be99,5bd1d2,ebd2d0,f1d246,d94c88"
"05a306","05244d"
"05b348","829dbd"
"05bee0","ade7b8,4acedb,ed4f8b,28c8e9"
"061879","e164dd,e02d90,e02d90,e164dd,b3b57a,e164dd,e02d90,b3b57a"
"061e63","ab079a"
"062824","f1281c,1397ce"
"063bd5","af3a71,45ce0f"
"0648a8","1397ce,ab318e,f30450,6c0bea,2f9d95,31cf23,ff7a41,5e1fb4"
"06528e","8ba031"
"066303","57d5f1"
"0665b3","58cded,7c0cbd"
"0669aa","590069"
"0675ee","0a077c"
"068b29","d93130,f89442"
"068e1a","38bd0c"
"069246","ee88b9,f5d7e2"
"069645","11c2b1"
"069855","4bcc0a,9a5ac0,e9b8bc,eb459f"
"069a3b","ea40b2,198a4c"
"06b6fd","31cf23"
"06bb44","ee40ad,daaea7"
"06d6a2","13b45b"
"06f6f2","1397ce"
"07039f","11c2b1"
"07079a","07f610"
"073c89","f1bd60,f1bd60"
"074455","12cb45"
"074b59","c04630"
"075288","6cda3a"
"0771c4","988cfe"
"077924","fbf498,fbf498,fbf498,fbf498,fbf498,fbf498"
"07993d","5b6873,84a6e2,31cf23"
"07bbb8","ead5d6"
"07dbaa","ff7a41"
"07eba1","5b96dc"
"07f133","a87e5d,e8885b"
"07fd3b","0aafb6,54d7ee,5bd1d2"
"0824bd","3a3d8d"
"082858","617d42"
"083373","9a7489"
"084232","48b7b6"
"084f7c","b3b57a"
"0856a1","62693b,b9287f,62693b,b9287f,a7fcbe"
"08634a","983efc,ff7a41"
"0877d2","6ede49,fb1eaf"
"087a43","07f610"
"08af19","8b71ca,8b71ca"
"08bfb8","668e81"
"09154d","bb31b8,2643a4,a70f9e"
"091c4c","668e81"
"092fd7","e38c1f"
"0945da","192d4a"
"097b74","374e88"
"098558","6c5868"
"09aedb","18465a"
"09bac0","ff7a41,e164dd,26c574,31cf23,f1281c"
"09d433","54b86b"
"09daad","1397ce"
"0a1359","7d4ef6,83378d,a00e76,7d4ef6,83378d,a00e76,7d4ef6,83378d,a00e76,7d4ef6,83378d,a00e76"
"0a1795","00e750,6db6c7,0253c4"
"0a54b7","1d0b61,96f9c3,1d0b61,a37ad7,1d0b61,837e11,1d0b61,c6b5fe,5d6080,6c5868,6c5868,c3aff4,6cb1cb,fe546f"
"0a5f9e","db39ed,ff7a41"
"0a73aa","4609ae,2feb2c,def976,70a0a4,70a0a4"
"0a8bf2","04a8ca"
"0a9959","d26080,31cf23,d26080,d26080,d26080,d26080,31cf23,502d2b"
"0ab2ad","c4ab10,8652bd"
"0aca16","73a193,4b0de3"
"0ae931","695446"
"0b6fb1","b782e4,ef0640"
"0b7452","50f646"
"0b79de","ff7a41,ff7a41,942f4e"
"0b7e7f","5aef27"
"0b8967","5e42b4,565da3,0b3b97,4662c7,a8d360,5e42b4,0b3b97"
"0bb059","9c6aa7"
"0bb189","5de249,c36767,fc7d4f"
"0c058d","ead5d6"
"0c2561","c1f827,a59c8e"
"0c3882","cedf5e,1397ce"
"0c5c69","2466c5,35be99"
"0c6188","af567b,31cf23"
"0c952f","71beab"
"0ca1f0","15b62d"
"0cc3a2","cba89f"
"0ceb12","2f97c9,f1b9cb,820be3,0d5840"
"0d1a38","31cf23,1397ce"
"0d2045","1da4aa,d4cbe1"
"0d2061","5da04b"
"0d2fa3","07f610"
"0d30d1","030d7d,1397ce,1397ce,26a384,1397ce,1397ce,1397ce,6ede49"
"0d3919","0cc175,d7fe15,7e09c8,d7fe15,ca35cb,d7fe15,44e67c,d7fe15,39a863,d7fe15,7ab1a6,d7fe15,10e405,d7fe15,c41aa7,d7fe15,a1ac06,d7fe15"
"0d45d9","31cf23"
"0d5948","5b29a8"
"0d6c8c","5e1fb4,e8885b"
"0d7854","98f3dc,9fa887"
"0db233","f530e5,d94c88,9989c4"
"0dc4bc","ab9a41,e5a84a,a837b8,ab9a41"
"0dc9e7","60775a"
"0dd299","1397ce"
"0df487","c9b030,07f610,e57c4e,4d5b89"
"0e0de7","11dc47,31cf23"
"0e12bb","be9ea9,be9ea9"
"0e23ef","ff7a41,28683e"
"0e268b","0e268b"
"0e2aee","9199ba,07f610"
"0e3ecf","7f8b7f"
"0e6014","d4cbe1,07f610"
"0e6adc","d781c7,b3cdb3,b7f1f1,d781c7,ed8047,30fc6b,d5b466,4a2f14,d781c7,2ee7cc,b3cdb3"
"0e9998","6824f1,7fa3b7,56ea8b"
"0ea6f5","cc7bc6"
"0eab10","07f610"
"0eabea","0e5428"
"0eae05","312ee6"
"0eb902","43b1cc,5e1fb4"
"0ecd08","22a592"
"0f0352","ce918f,539c87,0ef636,6c64c2,d18e61,0ef636,6c64c2,d18e61,6c64c2,d18e61"
"0f14b5","1e7e2a,1b1e15"
"0f36ff","daa0fc"
"0f3e5f","6c64c2,80e40b,29d505,934447,29fc6f,900150,628a9d"
"0f5941","aefe45"
"0f6caa","62c428,31cf23,ff7a41"
"0f821b","a66f85"
"0f8ca5","5da04b"
"0f8eb9","1397ce"
"0fae19","31cf23"
"0fd4b0","e6b458"
"10128c","7aaa93"
"101e6d","c7415e,11c2b1"
"102479","312ee6"
"103bed","b25a71"
"103f7c","31cf23"
"104305","31cf23"
"10574f","81b6eb,d4cbe1"
"105e55","fdd6b2"
"107867","07f610"
"107cbe","04a939,d365ba,4b5818,25e7c3,d9cc05"
"108585","609f53"
"10e91b","07f610"
"11075d","1352f3"
"112b29","85a08f,f16109,9979b6"
"113627","923b87,11c2b1"
"114fe0","f6b0e0,2bb7dd"
"117953","704579,07f610"
"118108","97282b,6b5347"
"1182c6","07f610"
"118d69","7fb559,ab9a41"
"119715","926842,d87609"
"11a315","78bd20,c9de91"
"11a615","ff7a41,617d42"
"11af0d","31cf23,1397ce,31cf23,1397ce"
"11c63a","1cd9a7"
"11db46","0dae4a"
"124596","82b67c,31cf23,5e1fb4,82b67c,82b67c"
"128e3a","81cf80"
"12c57a","415be8,2bc13a"
"12f4eb","d4cbe1"
"12ff50","ae3ffa,d96e20,3b23c2,a5c6d8,d9828d,7ad1c9,4b6f5b,f7eaad"
"12ffe8","ffae3a,35be99,f62daa,9dea5c"
"130452","44fe2f"
"13094d","5a29a7"
"130f18","3cfe41,07f610,1397ce"
"131895","1b47f7,867001,a85fbc,84cd34,e0ae22,35be99,867001,a85fbc,84cd34,e0ae22,35be99,e0ae22"
"131c78","1cf59a"
"1323b3","ca5a01"
"1337e6","1397ce"
"133e9b","053851,3260b0,c6b5fe"
"133ede","4f8fb2,68741a,0c8c38,68741a,4f8fb2,07f610"
"134439","41489f,b1b9a9"
"134de5","ec9e19"
"13661a","e748f3"
"1367e9","b17bf8"
"138642","ff7a41"
"13886b","33b4f6,579f44,e164dd"
"139a4c","c0bffc"
"139a7e","18126e"
"13a7a0","d4c4a1,b5af8f,82158a,b5af8f"
"13b768","750ab6"
"13c2b1","edfcb4"
"13e6d0","7adb96,06c0e3"
"13e979","b2f5ff,b2f5ff"
"1422da","fe8714,e80079,1c8960"
"14272d","9f8d75"
"143365","7fc18c,40a9d6"
"144bf6","5e1fb4"
"1454a8","1d0b61"
"147d7c","5da04b"
"14e54e","4ef7e5"
"14e8c8","07f610"
"14eadc","07f610,07f610"
"14fce5","d0d6b1,371cf1,beb454,34357b,1766cd,1397ce"
"151ef0","0aafb6,07f610"
"1522a4","c6583a,5bd1d2,ee83e3,9eeed1,09154d,93a04b,4c798e"
"152e08","3be75e,eb1333"
"153352","e39bcf"
"153c57","07f610"
"154a7a","1397ce"
"15ab36","1d0b61,746e23"
"15ae57","0db043"
"15b759","84a6e2"
"15bb26","a68e69,051de3"
"15f311","96aa04"
"15f56a","73bebc,31cf23,c4ab10"
"15f864","001c78,614255"
"15fcba","07f610"
"162687","fc63e6"
"16270e","617d42,ff7a41,617d42,ff7a41,77e9dc"
"163376","715ad4,387918,900150"
"164137","b670fd"
"1657b9","722adf"
"166187","b2dd08"
"16685b","ead5d6"
"16874d","ff7a41"
"16a1c7","390d04"
"16e1e2","8cb617,998413,675759,a3d24f,c671ce,ab15d6,4f8804,998413"
"16f1b8","5e1fb4"
"16f462","374e88"
"1713a3","908c97"
"17240e","e2940e,013806"
"1755fb","4e6b78,736121,507cba,507cba,4e6b78,21f63c,baf5bd,507cba,4e6b78,21f63c"
"175e9e","1ff3b0,48ac7a,052eb3,49a1ad,75756e,06a46a,3016e1,2643a4,10cd18"
"176a75","fc4bed,07f610"
"176e42","46275a"
"1770a3","cad06a"
"178077","07f610"
"17895b","c9b030,42eec5,911a2d,365780,42eec5,178952,1397ce,780924"
"17a0d0","9c8299"
"17a4ef","f48614,31cf23"
"17b44e","20decd"
"17bed7","f530e5,d94c88,9989c4"
"17bf5b","fdc651"
"17c5bd","a191ad"
"17db2b","1397ce"
"17e4cf","d0d6b1,dda016"
"17ea7e","7f0835,7ff897,d94c88,979bf2"
"17edac","35be99"
"18022c","a85dfd,3326e4"
"183e99","bf0b72"
"184071","87849b,a39b0f"
"18577c","1cd9a7"
"189d0f","7b8757,326750"
"18a965","faca89"
"18aa24","c201fc,4668ef,0fd4e8,9e54a8,4112f6,9f1e80,4e826d,30fc6b,2a8986,c36cef"
"18bf1e","1cd9a7"
"18e468","d365ba"
"18fa9f","441fd9,b94de2"
"191b85","668e81"
"191e7b","f49e31,1b9a42,1b9a42,1b9a42,1b9a42,1b9a42,1b9a42,1b9a42,1b9a42"
"1940e3","b8a7f9,b8a7f9,4a64c3,f4c19e,b8a7f9"
"19511a","31c551"
"195fd8","bd5bd8"
"1962fa","3ff041,e136a1,cacb86"
"1964ec","01f07d,0bf21a"
"1966b5","91b7ae,033b22,91b7ae,033b22,91b7ae,033b22,91b7ae,033b22,91b7ae,033b22,91b7ae,033b22,91b7ae,033b22,91b7ae,033b22,91b7ae,033b22,91b7ae,033b22,91b7ae,033b22,91b7ae,033b22,91b7ae,033b22,91b7ae,033b22,91b7ae,033b22"
"196a40","199ac1"
"197b44","b4ea89"
"19913f","9e3330"
"1994bd","68741a"
"1997a8","5e1fb4,88f179,5e1fb4,e8885b,b60d0e,0d5840"
"19aad4","ff7a41,942f4e"
"19b0cf","e8db63,a3951f"
"19c3dd","f644a2"
"1a1825","b3cdc0"
"1a1b6e","a31ec4,40b7c6"
"1a226c","84af4a"
"1a3589","e5a84a,ab9a41"
"1a3a3f","617d42,ff7a41,942f4e,e370f1,8a7287,ff917e,8a7287,15bb70,527bd5,cca902,38f7d5,35be99"
"1a56c3","47823b,68741a"
"1a5b33","2f4428"
"1a6ea5","939d34,b44101"
"1a867b","d498e4,243cab,d36247"
"1a8c83","174baa,2dd6b9"
"1a8d79","9f6886,20a588"
"1ac7f5","31cf23"
"1ac8a9","18e52c,a466bb,7895b8,482db1,18e52c,a466bb,7895b8,482db1"
"1acb4f","31cf23,31cf23,5e3835,b7ca09"
"1af2bc","190c48,fa22a9,190c48,fa22a9,190c48,fa22a9,190c48,fa22a9"
"1af69e","bcd9f1"
"1b0306","6a8bd1"
"1b11c3","00bc89"
"1b14cd","0286ba"
"1b27aa","62c428"
"1b2ff3","440b63,57be3e,377b18,1a8064,9a5ac0,36e456,30c1b7,fa69c9,51e9e5,074558,214225,4ff04f,cb666b,a545b6,ae2370,913c8e,1aec34,ef6376,dcb0a3,bf4a52,b70bc3,e6f39b,dc9c9c,f1ea1b,2c20cb,d8dbc8,da1b6d,51d10b,b9c91e,dbec4c,debff3,b05e0e,326750,cde63b,154c7b,093805,b0aaf1,361519,25a061,22f42a,82d35f,9c000f,8e49a7,57b1bd,ee86a2,f99c06,07a420,a6f0c1,6a65b2,99bdfd,a5aa97,e20487,23d537,07f610,f0c525,6db6c7,64e1af,bf2bc2,d526b6,0ebc58,75c68a,082fba,baba32,b64fa0,9cdbf8,3a536e,3a536e,e403cd,a55e5b,c875d5,7c9cd3,ae2370,bec670,c29fe9,a80e08,e358ef,a04ce4,ae2370,6107e0,da1b6d,a5e4f0,239912,6a6eb8,51e9e5"
"1b557d","ad5cbe"
"1b9faf","115cb5,f52f64,faa1f3"
"1ba0de","cb4487"
"1ba557","973461"
"1bac8d","10861e,12a032"
"1bf5db","33c395"
"1c1740","c0047f"
"1c1b7a","8cbedc"
"1c5a44","1a69bc,07f610"
"1c6345","aa7149"
"1c77e4","1c77e4"
"1ca009","27db81"
"1cb02f","f97c5d,94bbd7,f0522e,04a481"
"1cbbbe","fccc5f,d9ede4,07f610,d9ede4,b51b93,07f610,d9ede4,07f610,d9ede4,68d58f,07f610,b51b93,54d702,56379f,56379f,b51b93,54d702"
"1cc7a8","19e47f"
"1cce1f","f6b0e0"
"1d01ce","88f179"
"1d0ea7","001036"
"1d27a5","26cae7,435c95"
"1d2ce7","21503f,21503f,777f95,d94c88"
"1d3198","fccc5f,b9074c"
"1d4ed8","c1646f"
"1d6379","85d874"
"1d7d0f","31cf23"
"1d8f73","ece228"
"1db5c8","1db5c8"
"1dbc51","61892b,61892b,840415,61892b,074ebd"
"1dc5ec","07386a"
"1de187","1397ce"
"1dfa1e","acbc07,d9a0f3"
"1e1637","b20b42"
"1e30f6","0429d0,1397ce,f1281c,21b1c7"
"1e35d7","48cfc9"
"1e379e","c0bffc"
"1e4e3e","d6366f,66b50e,66b50e,66b50e"
"1e4ffe","dcab64,9f8d75,a97896,9f8d75,0e7052,a97896"
"1e6b45","80ca06"
"1e8864","a39eb2,a39eb2,a39eb2,a39eb2,a39eb2"
"1e97cb","c75817"
"1eba6a","7592fa"
"1ed2e0","ddb629,ddb629"
"1ee57f","86a1d6,1f4b59,9ce385,e3dd0a,624e81,d648ff,07f610,07f610"
"1ee68a","37580c"
"1ef7ed","07f610"
"1f13a9","2f1f53,2f1f53,2f1f53"
"1f17da","b6e5f3"
"1f20c5","afc6d1,f0b38a,d46624,969278,115a40,d5742b,115a40,d5742b,c98e9c,4bc2e6,9443be"
"1f27fd","6d3a8a"
"1f3807","dd39c5,9dc72a,07f610,5540a0"
"1f47f8","42eec5"
"1f66d4","35be99"
"1facb0","66ca4e"
"1fb5ff","77a23a"
"1fd4cc","10b1c1"
"1fdd9e","ab0fe1,c598f4"
"1fe320","1397ce,c3aff4"
"1ffe2d","eff693"
"200f32","ae8589"
"2019f5","ef1837"
"201ddd","7cefb6"
"20210c","3260b0,c6b5fe"
"205e2b","f1ab48,b34ae6,746ea1"
"206985","374e88"
"206fc5","29b9e6"
"20735d","dd6652,31cf23,73a193"
"2080e1","a09c20"
"208255","b999a7"
"208e85","3d7608,3d7608"
"208ff0","a0f399,6dd430,bf6ce7,6711d9,a0f399,6dd430,bf6ce7,6711d9,9e315b,bf6ce7,bf6ce7"
"209a49","b3599d"
"20d871","b4cc34"
"20e028","559a7f,918bf9,559a7f,ae2fcb,95f907,559a7f,db5a10"
"20fac8","c620ef"
"212521","1397ce,1397ce"
"212547","e4f360,53e603,e4f360,53e603"
"21716d","abed4e,ca2f3e,d7fe38,d7fe38,7c7238,0f2018,ac5c97,c1a90e,ca2f3e,ca2f3e,ca2f3e,374e88"
"217c8c","75ab9a"
"21aba2","f78f88,30fc6b"
"21b432","158cf0"
"21c5ca","07f610"
"21c6bd","31cf23"
"21cbb0","07f610,d4cbe1,43062b"
"21fc0c","31cf23"
"21fd74","dc54d4"
"220775","ff7a41,0f15a5,ff7a41,0f15a5,ff7a41,0e4f00,9071f3,ff7a41,908c97"
"222b9c","5c92d9"
"2247ff","577dbe,f46707,b3b57a,f46707,bb08d6,d94c88,f46707,df16f2"
"225407","8e95bc"
"22564c","07f610"
"227775","88f179,90f245"
"2282e6","1397ce,1397ce"
"229b32","8cbedc"
"22cdaa","31d022"
"22d914","0662da,5027c0"
"22e8b7","a42c01,f56c77"
"22ef98","4a355b"
"22f227","787c0c"
"22f3b4","2a8c0a,11c2b1,4c734c"
"231903","e77125"
"231b2e","39ecf1,39ecf1"
"233c57","825bc3"
"233dab","e9f8bc,3c94e5,3c94e5,5ff640,3c94e5"
"234c5a","652f3a"
"235916","31cf23"
"2361bf","9cdbf8"
"236f7b","db5af7,d781c7"
"23841c","ceb787"
"23c503","e9b8bc"
"23d38b","d5536a"
"23d537","07f610"
"2406a8","3a3d8d"
"240941","2802a0,f20ad9,f0d56d,073c89"
"2437c4","611368,35be99"
"2442d3","07cc69"
"2442dd","890f38"
"245056","8cbedc"
"248f1b","6d5e30,e9b8bc"
"24955a","00fa30,31cf23,00fa30,31cf23"
"249bd2","ad7506"
"24a826","1397ce"
"24c0fd","07f610"
"24c890","96738b"
"24d4cb","05244d,fac2b7,d409a0"
"24dde3","763f12,3370aa,aaa3fe,122a7b,0343a5"
"250853","250853"
"250b74","58320e"
"250d63","31cf23,31cf23,c0b70b"
"25108b","9513c9,71f532"
"251e2f","2760c7"
"253dad","6db6c7,0253c4"
"25522a","d93130,46b9ab,d93130,a09c20"
"255673","0aafb6,07f610,5bd1d2"
"255e9b","d365ba,9ecca3,9c7610,cc3155,d365ba,42eec5,65cf42,0ef636,0ef636,50ba9d,9ecca3,65cf42,0ef636,42eec5,0ef636,680a06"
"256b84","8c30bf,22c15b,7a6526"
"257737","c5f0df,68741a,c8fb4d,68741a"
"257f19","324d8a,bb36fe,a09a22,3fe925,1b666b,0565b6"
"258e50","1fece0,143d8a,66aad1,1fece0,143d8a,66aad1"
"259802","c0e45b,1ac91e,d4cbe1,dd1876,c0e45b,1ac91e,d4cbe1,dd1876,27e8e4,27e8e4,c0e45b,c0e45b,d4cbe1,1ac91e,d4cbe1,1ac91e"
"25acfb","79160a"
"25b1cb","e175eb,e88c2d"
"25b3fb","1397ce"
"25b42b","1a1807,8a2b71,84a6e2,31cf23,545df5,ff7a41,9ce2ba,0c8c38"
"25ed41","6c145b,357e27"
"25f7b3","0253c4,e73fe9,6c145b"
"26076e","279cb9"
"260b4d","5da04b"
"262180","9ce2ba"
"263a30","c0354d"
"263eb8","7f5c97,dfaf03,7f5c97,dfaf03"
"2643a4","00a3d1,f5f4f5,26ea61,9d5e3e,ff7a41,942f4e,2b95d1"
"264772","1397ce,35be99"
"2663b4","7d3925,7d3925"
"266452","c83c8d"
"267ab2","dac769"
"268863","f26471,aaa928"
"269373","8a7287"
"26bceb","3a3d8d"
"26c5d4","900150,31cf23,31cf23,ff7a41"
"26fee5","d8ab8e"
"27226e","1397ce"
"273d9a","07f610"
"273f5b","1392d9"
"2740c0","31cf23,31cf23"
"2744ef","5da04b"
"27452e","c3b81b"
"27b1c1","26c574"
"27b672","5da04b"
"27db15","bb4774,d85362"
"27f2a7","7bff60,7bff60,d4cbe1,7bff60,d4cbe1,7bff60,d4cbe1,7bff60,d4cbe1,7bff60,d4cbe1,7bff60,f10168,31cf23,73a193,4b0de3,7b0ff0,fd38e2,7bff60,c7f8e5,7b0ff0,fd38e2,7bff60,9edb72,f20476,7b0ff0,fd38e2,7bff60,9edb72,f20476,7b0ff0,fd38e2,7bff60,9edb72,daee54,84a6e2,daee54,84a6e2,df9dab,31cf23,4b0de3,df9dab,31cf23,4b0de3,df9dab,31cf23,4b0de3,df9dab,31cf23,4b0de3,73a193,df9dab,31cf23,73a193,4b0de3,1f9b88,1f9b88,cadb54,90c866,f20476,4b0de3,1f9b88,73a193,cadb54,90c866,f20476,4b0de3,1f9b88,73a193,7d8559,07f610,1f9b88,73a193,f20476,4b0de3,fd38e2,611124,f10168,31cf23,9ecea8"
"27f8c0","5da04b"
"27fca1","31cf23"
"2801be","736ff6,84cd34"
"283a0d","a87e5d,31cf23"
"28574d","35d5fb,725044,30ae2d,85f2f1,7cdbcd,fd7745"
"2859c8","d365ba"
"2875ec","900150"
"289581","f91943"
"28aff4","ca4b0a,ca4b0a,ca4b0a,0253c4,2ca60a,0253c4,2ca60a,0253c4,2ca60a"
"28b606","b09f68,b09f68,73a193,4c734c"
"28b81f","c452f6"
"28e183","47e7ad"
"28eaf4","ee6af2"
"28ed02","dd4de4"
"28f261","0c1731"
"291f9d","28c8e9"
"293b17","30fc6b"
"2943b0","a34234"
"29643a","07f610"
"299577","070f4f"
"29bad9","9ce2ba"
"29ef30","709e98"
"29f84e","07f610"
"2a02ae","07f610"
"2a0743","815996,c6bcb4"
"2a0a8e","e748f3,ab9a41"
"2a1114","69faa4,f95dc4,cd9a34"
"2a126d","ea9946"
"2a2922","6c0226"
"2a5dc9","526db5,536e21"
"2a64dc","de4a4d"
"2a7c07","8c50cb"
"2a83d1","3b5a18,ff7a41"
"2a8d08","5e1fb4"
"2ac199","e6a5ba,492a07"
"2b12bd","bd281b"
"2b2105","6160e6,a88bf6,07f610,74d641,74d641"
"2b216e","5bd1d2,341f07,07f610"
"2b4d5c","bb6ec8"
"2b513a","24e528,24e528"
"2b60ac","1397ce"
"2b9393","b73c2d"
"2ba91d","f0b38a,5f37bc,31cf23"
"2bd9eb","347907"
"2bf60b","e748f3,5e7252,98d70d"
"2bf626","d76698"
"2c0691","cc8380"
"2c19f1","ee4f1a,42eec5,68d0f1,1397ce,5e0273,616c3e,81ec25,1397ce,42eec5,1832c4,1397ce,354a88,29c265,1397ce,73a193,1397ce,31cf23,1397ce"
"2c4e1d","31cf23"
"2c4fe3","fc3ff2"
"2c6252","31cf23,31cf23"
"2c7cb5","68741a"
"2c8e5e","202640,c2d705,fc6da3,392adf"
"2ca211","20a11d,8972cf,1d82b2,f09995,1d82b2,8972cf"
"2ca49e","70f9df,c9b030,70f9df,c9b030"
"2caf62","52ed50,52ed50"
"2cb3b2","e76f3b,8fb279,2ee41b"
"2cbc18","6b5347"
"2cc79b","31cf23"
"2cdcf0","1d0b61"
"2ce526","ab0eb1,6a8057,5e1fb4"
"2cf300","1397ce,1b0953,067427"
"2cf9a2","d903d9,b7ef17"
"2d154b","f6122c"
"2d23ed","c0047f"
"2d603a","cd31ce,a8165e,cd31ce,d958bc,312ee6"
"2d60b9","91b285,d556d0,73a193,68741a,6d2523,68741a,8b9d5b,8b9d5b"
"2d80be","9294ba"
"2dbfe3","0a123a"
"2dc419","b09ed6,31cf23,1397ce,07f610,31cf23,cc7bc6"
"2e1316","7a02c6"
"2e1f91","090264"
"2e23dd","cb410c,b2f5ff"
"2e2469","c6b5fe,179ac4,c2f3e7,56ea8b"
"2e25a0","c02885"
"2e2a5b","e9c198"
"2e3aee","ccbfbd"
"2e3c90","11dc47"
"2e4855","b19d95"
"2e5be3","f01e63,3d429a,d15393"
"2e6b95","e5a84a"
"2e9461","73a193"
"2ec573","c3ea47"
"2edac8","ee6af2"
"2f009c","58e487"
"2f05da","68741a,c8b604"
"2f0ac1","9beeb9,e8b3dc"
"2f4857","47eb75"
"2f5feb","d9ede4,07f610"
"2f78e4","59bf3f,7b8b08"
"2f9d91","0253c4"
"2fa039","e927c0"
"2fceaf","5e1fb4,fd901a"
"2fcfc1","07f610"
"2fdbfa","647692"
"2fe9fa","b38a30,e164dd,ff7a41"
"2fee4d","6ea58e"
"300818","c87e02,c87e02,c87e02,c87e02"
"3012f3","b670fd"
"302a09","5b6873,c5a95c,34be56,a3db55"
"302ef5","fb94bd"
"303735","54b86b"
"303b4f","3025b4,3025b4"
"3042d4","e3e146"
"305ac5","ff7a41,54054b"
"307c24","d365ba,7ca989"
"3084dc","a85dfd"
"3085de","a8165e"
"308fed","3e6665,cceb5f,3e6665,cceb5f"
"309127","e17ead"
"30ae40","991145"
"30b3e0","668e81"
"30b464","7d8ddd,7d8ddd"
"30df4f","a957b3,a3951f"
"30ea2e","f48614"
"3108c8","bee4e6,5bd1d2,bee4e6,5bd1d2,815996,c6bcb4,07f610"
"312e33","a85dfd"
"315721","901e9b,28e246,901e9b,28e246"
"3193c3","89a7ff,32d521,ff7a41,ff7a41,91a8cf,42a82d,5e1fb4,42a82d,5e1fb4"
"319e6b","b55fc7"
"31a317","7995d7"
"31b31d","4e02a8"
"31f6c3","2b6909"
"31f936","67b852,57a979,721410"
"32180e","35be99,4ff9fc,db8834,305646,4ff7ea,923fe3,1f6fda,ff7a41,35be99,4ff9fc,db8834,305646,4ff7ea,923fe3,1f6fda,ff7a41,4ff9fc,b73c2d,fc0f3f,fd38e2,4ff9fc,b73c2d,fc0f3f,fd38e2"
"327342","be6816,ecd649"
"328026","d4cbe1,35be99"
"3287aa","87cd46,d6d321,31cf23,364e0e,87cd46,d6d321,31cf23,364e0e"
"32b5f3","b6d6ae"
"32e1eb","be8c79"
"32e509","1da4aa,33cf22"
"32e9a3","c4ab10"
"33089f","5b54c0"
"3318d8","0ffcc8,96cb08"
"332feb","ead5d6"
"334b3c","115cb5,f52f64,faa1f3"
"3376d6","f4fe04,a3951f"
"337cc0","31cf23"
"33d9b2","6db6c7"
"33d9b5","2f2137"
"33e382","c1197a"
"33ee8f","31cf23"
"33f32b","c0bffc"
"33f362","f45508,82b042"
"340995","30edd9,66ca4e,4ac70f"
"340daa","647692"
"342670","142b10,2760c7,a77b51"
"34391e","c76ea2"
"343df8","1896b1"
"34528c","dbb856"
"346549","07f610"
"349927","177a28"
"34adc4","312ee6"
"34b96e","1397ce"
"34d784","64e15a,a3951f"
"34de69","f3a202"
"34f01c","090264,fba5ca"
"351003","cb4487,f50f5d,88a0a8"
"3516c5","62c428"
"352b9c","cbcb7a"
"353a4e","bd90d6"
"354481","1a6747,420242,5cbdfa"
"359143","0231d9"
"35a0d6","227403"
"35ade4","3e0022,492796,e45247,492796,e45247"
"35ae85","31cf23"
"35e0bd","dc54d4"
"35e896","d15fb0"
"3600d0","353f42,5c92d9,5c92d9"
"360b54","de78e6"
"363019","be52ee,be52ee"
"368636","31cf23"
"36c2d9","e3820c"
"36f976","dcb40b,a64dfc"
"370bfa","f0f4d2"
"37228b","477d70,0eadc3,6c76a0,6c76a0"
"373330","3b837b,2643a4"
"373eb5","ea8241,d34f71,07f610"
"37493a","71f532"
"3757b2","616c3e"
"375eac","38f8b6"
"3768f6","ff7a41"
"377a5d","07f610"
"37a724","b7435b,5f88af"
"37aca7","942c77"
"37af31","7c000f,f1bd60"
"37c204","f1281c,4d15c3,a84721,442c05,4a00b0,4d15c3,eeee08,946542,636509,4d15c3"
"37c284","4a2f14"
"37cef3","1397ce,31cf23,24f99e,d4cbe1"
"37f4f9","9d4aeb"
"381185","d874ba,285485,ceeee1,ccfb2e,b85aa0,ceeee1,d874ba,285485,ccfb2e,d874ba,ceeee1,285485,ccfb2e,07cc69,eef8e0"
"381ee1","4bb562"
"38596c","f158f5"
"3885bf","ff7a41,090264,090264,090264,090264"
"38925c","b26509"
"38a7d5","8b6bd2,5bd1d2"
"38bbef","0aafb6"
"38c03f","0aafb6,5bd1d2"
"38da14","69d6d3,69d6d3"
"38ea9e","a82c60,eba72e,4c798e"
"38ebe3","ff7a41"
"38f0be","b9cd40,31cf23"
"38f362","07f610"
"3917ac","1cd9a7"
"391c48","584826"
"394754","b62d30"
"39487a","5dce2b,f86104,1397ce"
"3988e5","5bd1d2,c7f8e5,f0c8d6,5bd1d2,c7f8e5,f0c8d6"
"39d4d5","0aafb6,07f610,5bd1d2"
"39fd38","1f6664,31cf23,6257fd,6257fd,6257fd,267d3e"
"3a016a","9e3669"
"3a0414","e748f3"
"3a1777","2621f4"
"3a3448","241200,154c7b"
"3a37df","442c05,a84721,4a00b0,4d15c3,f1281c,4d15c3,636509,eeee08,946542,4d15c3"
"3a3b7e","07f610"
"3a3dd0","66ca4e"
"3a42f3","b7ef17,9ef0d0,07f610"
"3a536e","e403cd"
"3a7624","696771,1d838a"
"3a77eb","d94c88"
"3a7ecb","e16717"
"3ab926","3b122e,de11b8"
"3ac00c","1d0b61"
"3ae701","80ab8c,d48bca,28d6c9,dd3b18"
"3af372","fee7fd"
"3af382","f21677"
"3b04ac","e73fe9,6c145b,e73fe9,6c145b,090264,1397ce,1397ce,379af6,090264"
"3b35f4","b03795,1db413,b03795,b03795,b03795,b03795,2ac429"
"3b3748","ab1e7d,ab1e7d"
"3b5f1a","ac5fd9,5e1fb4,22a5fe,ab0eb1,ff7a41"
"3b61fd","30157c,5cd8c8,aa5d3a,176226"
"3b9c5b","1c6b57,942f4e,b3cdb3"
"3ba667","616c3e"
"3be85c","5e1fb4,a87e5d,07f610"
"3bfc5a","320f86"
"3c0403","5da04b"
"3c2ef3","3ac12e"
"3c4a13","392ea5,ab9a41"
"3c5223","07f610"
"3c851d","73a193,4b0de3"
"3c87a9","b3cdb3,715ad4,31cf23,e73fe9,88f179,b2a9b3,31cf23,31cf23,2e28ad,89e829,c1b910,7ac84d,88f179,b2a9b3,31cf23,4a355b,f10168,31cf23,31cf23,31cf23"
"3c986c","25b0a3"
"3cbcb6","98fe87"
"3cbdc2","dae756,d7fe15,15af0c,d7fe15,9d37d3,d7fe15"
"3cc1c4","874d55"
"3cc260","9f9d51,fb236a"
"3cff4a","1397ce"
"3d3af3","822050"
"3d4880","29fc6f,e311dd"
"3d568a","79ebcb,e8444e"
"3d6b51","8e2c42,8e2c42"
"3d6fa5","a89ec7,86ff1c,64f142"
"3d8b19","216854"
"3d954d","ea40b2,ea40b2,ea40b2,ea40b2"
"3d9a40","1397ce,ff7a41,31cf23,ff7a41,ae0a8d,31cf23"
"3d9fd1","3ef103"
"3de502","876b6d,5b3aa9,37a19f,adf7ba,c2d705,b3703e"
"3df379","e54166"
"3df6ca","52578f"
"3dfc92","3260b0,6532dc,588100,31fd9b"
"3e5440","8134b8"
"3e8ff8","66ca4e"
"3ea9ba","9e0c07,283bd7"
"3eb5d3","07f610"
"3ebbc1","908c97"
"3f285c","92cc9e,31cf23,18126e"
"3f2e34","3296cb"
"3f3e09","f2e941"
"3f6666","1bfd1b"
"3fbf80","bfca5f"
"3fd42b","353f42,38e48b,e8885b,38e48b"
"3fe002","8215bc,3e483e,ff1a59,ff1a59"
"3ff041","3a3d8d,e136a1,1962fa"
"3ff063","0c833d,cc246a,5e1fb4,fd901a,cc246a,0c833d"
"4023cd","090264"
"402f88","cd9a34"
"403411","040920"
"403e5c","bc16af"
"404c58","bb35aa"
"405291","a41501,d7fe15,181538,d7fe15,77ae50,d7fe15,554e8a,d7fe15,cb8a21,d7fe15,a78514,d7fe15,5605ef,d7fe15"
"407228","1d3ed4,a3951f"
"408902","636ccb"
"409ffa","5a36a0"
"40ad8b","e9758b,35f5e7"
"40be01","02d8bf,03a110"
"40bea8","11c2b1,ac6083"
"40c27b","dd7ae6"
"40cc06","03d59e"
"40cca5","f530e5,d94c88,9989c4"
"40dc96","900150,9efab2"
"41199e","f0465e,1ea4ee,18126e"
"412610","9443be,5e1fb4"
"412ecd","5aef27,5aef27"
"4166fd","533907,5bd1d2"
"416ead","3ae952"
"418af7","f1281c"
"418c55","1397ce"
"41a5f4","b32a8c"
"41a658","2a1579,f91767,73fb2e,2a1579,f91767,73fb2e,f9887a,013f33,b9d6a7,af4e6a,72545f,5dc626"
"41bf2e","271542,5da04b"
"41c4eb","64546d,64546d"
"41dcf2","71beab"
"4220bf","07f610"
"422985","19b743"
"423704","c1e024"
"427595","4a2f14,0a70f2,874d55,6baf03"
"427f83","763387"
"42864a","3fa258,8ffe88"
"42cece","ee7d34,d6c343,d94c88"
"42df61","8e56d2,35be99"
"42e2c5","bbf2d6,21a8b3,8e6173,b7ef17,c6df88,601605,8e6173,b7ef17"
"42f168","ea40b2"
"42f270","6c1e89,0cc175,560875,1cb055,b9d4cf"
"42fdf8","d58988,b10a12,d58988,d58988"
"4305b3","93a04b,94ce2b"
"431353","1a5ffd,6ee08b,ff7a41,ff7a41,f49c7c"
"431780","e8e36f"
"433d38","c1646f"
"4388a1","3eff82,ba3d7e"
"43a934","8d78e3"
"43adaa","5bd1d2"
"43d256","066847,2760c7,066847"
"43d49d","003987"
"43ebfc","b73c2d,723aa8,1958d3,1958d3,ad6898,b73c2d,b73c2d,723aa8"
"440766","115cb5,f52f64,faa1f3"
"441154","54d5bc"
"441d22","07f610"
"442d77","6eb246,31cf23"
"443982","31acd0,5aef27"
"4441df","d0de9f"
"44543f","d621a1"
"446b04","1d964a,6ea58e"
"44916f","31cf23,31cf23"
"4497e4","72590e"
"44c0f0","126b91,d7be30,6e116c"
"44e39d","9c2123,4dfe4b"
"44f337","e927c0,5bd1d2,07f610,5bd1d2"
"450f43","714a16"
"450f6b","a32a99"
"45107e","07f610,00381b,1a69bc"
"4529fe","5c87a5"
"455412","ab318e,31cf23"
"455dfa","e164dd,ff7a41"
"456c3c","4ff9fc,956886,fe8714,4ff9fc"
"458ad3","6a89f1"
"459aea","1a5ffd,6ee08b,07f610,ff7a41,c43a85,07f610,c6828a,8fc42c,b7ef17,0db02f,4acb9a,f95178,bc0179"
"45a028","934447,934447"
"45c360","74d641"
"45cf49","98a238"
"45d723","b3b57a"
"45eeac","29fc6f"
"45fd3c","11c2b1"
"460630","9336eb,26af27"
"462f19","131a74"
"46415a","b73c2d"
"466053","fedbc3,ff7a41"
"4680e5","0c8c38,fb9874"
"469148","3112e3"
"4696b0","d365ba"
"46ad82","4abe7e"
"46d9e7","68741a,fd38e2,02f328,c975ab"
"46e9f1","35be99,a79e43,2a8c0a,1c88ff,35be99,dbb6b7,35be99"
"471699","79e502"
"47191b","0d8f41,c0047f"
"471a71","26c574,e73fe9"
"471eff","df1852,b73c2d"
"474374","87b9b6"
"4746a3","cdf91b,b7014d"
"474ce5","ab9a41"
"475615","5d83e8"
"476e8a","1c864d"
"477691","755721"
"477a07","6c57af,4eea1e"
"478e26","07f610"
"47ad72","d1d123,b03bcf"
"47cdb6","35be99,4eea1e"
"47fd80","7cefb6,4a60f5"
"47ff67","18126e"
"482c62","ef7b71"
"482de9","29fc6f"
"48517b","c63b0d,cba89f,68526f,ef365e,c63b0d,cba89f"
"487434","0d6fe7,1525e0,73a193"
"4879f7","95e3b0"
"487d56","e5a84a"
"489c5e","5b1360"
"48bfe5","805efc"
"48df72","e44109,a97896"
"48e722","50f411"
"4903fb","57c5f8,e076a4"
"49106f","8cbedc"
"493006","31cf23,31cf23"
"4933fa","31cf23"
"493b5b","31cf23"
"49621a","fb109c"
"49702b","f00684"
"49857b","759982,fac03d,eb943a"
"49ad4e","31cf23"
"49bafe","07f610,838afd"
"49d432","29fc6f"
"49dd85","5ca2aa"
"49f2fc","550451"
"49fd14","c5646b"
"4a09fd","15b143"
"4a18b2","d3714c,3f1f0b,9dd405,d3714c,3f1f0b"
"4a3003","5da04b"
"4a83ab","4ff9fc,db8834,4ff7ea,305646,fc0f3f"
"4a90e2","4a355b,31cf23"
"4a9111","1cd9a7"
"4aa3b1","341f07"
"4aae55","068d71"
"4ab995","1308de,10bc5c,c73dc0,482670,f9923e,0711b0,40e732,145cf4,b6ab45"
"4ac01c","d85013"
"4acde8","1a5ffd"
"4adf1b","611368"
"4ae5f7","c55503"
"4ae616","757fc3"
"4b2d1a","f54371"
"4b2ea2","dbb856,e2833f"
"4b353f","157d0b,03331f,157d0b,03331f,03331f,03331f,dcae66"
"4b4106","6dc9f9,6dc9f9"
"4b4371","3b708f"
"4b6091","80ca06,31cf23"
"4b7eb8","6e9eba,fa8ae0,325bf6,b3b57a"
"4b87ee","31cf23,31cf23,31cf23,31cf23"
"4b8d03","ee3077"
"4b8d9c","2643a4"
"4bb6a3","2bf5f0,bfc7c7"
"4bd2e0","07f610"
"4bd386","83bcab,1952a0"
"4c0b18","5a40b1"
"4c0e8e","2b3eab,69d6d3"
"4c1563","3725f0"
"4c4515","6b4b8a"
"4c4d5a","88f179,2b6909,a9376f"
"4c627e","fe16df"
"4c85d8","092a51"
"4c8601","2a89b1,4609ae"
"4c8886","64e15a"
"4ccdb5","dfdced,d6c343"
"4cd479","b17bf8,aafa2c,b17bf8,aafa2c"
"4ce45c","c46b62"
"4cf529","cd1137"
"4d282b","07f610"
"4d2aa4","9ab061"
"4d2e2b","31cf23,31cf23"
"4d5583","1397ce,31cf23,0c8c38"
"4d6127","11dc47,31cf23"
"4d65d7","07f610"
"4d7c64","31cf23,1397ce,c6859d,6d9476,c6859d,e0db11"
"4d896d","c1646f"
"4da691","f9cbb6"
"4dad94","f530e5,d94c88,9989c4"
"4dca97","822050,ef83fb"
"4dd262","07f610"
"4e086c","5bd1d2"
"4e19e9","1397ce,31cf23,adc766,f95bc3,ff7a41,31cf23"
"4e4f20","e73fe9"
"4e617c","41746e"
"4e6f75","e9bc9b,f936b8,0cf6bc"
"4e7d28","07d01b,3f2068,3f2068,79adf8,d6bb4e,c67140,87864e"
"4e8ac4","31cf23,1397ce"
"4e96a3","31cf23"
"4e99f1","353f42"
"4ea700","c6b5fe"
"4eb1f1","74dce8"
"4ec444","39b449"
"4ecf4e","406886,406886"
"4eea1e","35be99"
"4f0cf1","64e15a"
"4f1be1","c868b2,f18c86,b74ad7"
"4f2e7d","3fb8d3"
"4f4055","ec07f2"
"4f48fe","f90b40"
"4f6b38","07f610,07f610,07f610"
"4f6d09","68741a,99d4fb"
"4f72f8","3272f8"
"4f94cf","31cf23,90f245"
"4fa84e","07f610"
"4fb6f0","d409a0"
"4fc6c5","104d85,a69f11"
"4fdbc1","35be99,35be99,815996,35be99"
"4fdd48","0cf6bc,dc54d4"
"4feb33","e748f3"
"4ff8f8","93a24e"
"4ff96c","d3c809"
"4ffc29","02ce86"
"500e08","4825a8"
"502032","5e1fb4"
"503611","8e7f8a,8e7f8a,03c7c0,c9eaea,7e0d7f,5f8f44,74b618,56b2d3"
"5040f9","12c128,a09ed6"
"5048e6","9c7610"
"5052ba","900150"
"50644a","8a7287"
"507bf6","fb4a8d"
"507c28","5bd1d2,4bb562"
"50a366","f93081,bb76ae"
"50c45d","07f610"
"50d1fe","b0abf0,254f19,ef1837,e060bb,116fb9"
"50dd44","f1281c"
"50f227","a88bf6,e748f3,ff7a41"
"510447","c2f3e7"
"5110a7","8acf44,ea26b0"
"511797","e214d2,c774c5,e214d2,c774c5"
"51290f","1daddb"
"513b67","06f226,07f610"
"514d98","5166fd"
"515131","e0eb87,e0eb87,e0eb87,e0eb87,e0eb87,e0eb87,e0eb87,e0eb87,34badf,e0eb87"
"515a4e","185263"
"51728f","6141b4,71977b"
"517cf1","bb89f7"
"51936d","5faa5c"
"5194ec","01e31a"
"5199a6","1397ce"
"51b587","6eb246,31cf23"
"51bded","34231a,0929d0"
"51c29f","2f968c,c2e285"
"51c440","8e6173,e748f3,ab9a41"
"51cf5b","4a355b"
"51de02","84cd34,113c1b"
"51ffc7","c808b2,be1c62,2bd9eb,f0d56d,31cf23"
"521a92","f48614,d365ba"
"521e2f","425da7"
"52253d","ead5d6"
"523218","5c7384,626c78"
"523342","31cf23"
"5241e1","38bcb0"
"5251a5","c7c316,942f4e,d33090,6eb246,1397ce"
"52664a","64769b"
"52aa7e","07f610"
"52b96c","0c1731,7d7930,b07b89"
"52bd12","241377"
"52d01b","59cf27"
"52f9ac","5733d1"
"530c4c","d4cbe1"
"53398a","7c7569,51b02b,1397ce,3fb82e"
"533fe2","f2afcc,9cdbf8"
"535271","1ffd9e"
"538284","7f5c97,dfaf03,7f5c97,dfaf03,7f5c97,dfaf03,7f5c97,dfaf03,7f5c97,dfaf03"
"538b2f","312ee6"
"538fc3","1397ce"
"53d756","1db413"
"53d8e8","d93130,42e41b"
"53dc34","28683e,c2ebce"
"53eb6b","07f610"
"54569e","35be99"
"54809d","986acc,1cd9a7"
"54a7fe","31cf23"
"54b046","e22091"
"54b2de","e58a8a,31cf23"
"54b80f","07f610"
"54b9e0","2a9de2,2a9de2"
"54c47b","0f5b05,b7435b,5ae585"
"54c5d7","bbd0d8"
"54e4dd","35be99"
"54f2b8","988cfe"
"54fdca","10b1c1"
"550896","4272b3"
"5519f2","0aafb6,5bd1d2"
"5547df","8f3c90,3c9e6e,02ac75"
"55532d","1397ce,31cf23,31cf23"
"555f8f","0bccdc,64e15a"
"5563ed","ba50b0,8653c2"
"55740e","ff7a41"
"55cad8","8b799c,77d9ef,54b86b"
"55db5a","7a1b3e,0e5428"
"55f336","56c6cb,18cf1f"
"55f903","91f5a3"
"561aff","88f179"
"5655c6","5bd1d2"
"566ca3","d365ba"
"569161","9049a2,9049a2"
"5693a5","113c1b"
"56a1f8","46ecbe"
"56a344","a8165e"
"56b65d","07f610"
"56cc06","f0a9a1"
"56f6a5","2eefb6"
"571c5c","97c7bc"
"573bdd","a40c0e"
"5743de","a84721,1cf59a,3d5d37,1cf59a,1cf59a"
"5745d6","34badf,d58239"
"574f3d","0b08bd,0b08bd,0b08bd"
"576e77","086755,5abcdf,af31e5,5abcdf,5b3270,5abcdf"
"5780f4","dd413d"
"57c316","cd1137"
"57cf9b","790331,78d9f2,62c428,ef27b3,1c6b57,c4a16d,ef27b3,6f9175,ff7a41,f95bc3,c4a16d,131895,84cd34,e0ae22,28683e,35be99,d781c7"
"57d054","44339f"
"57d54e","b73c2d,4ff9fc"
"57e022","0e5428"
"57ffc6","cb4487"
"5825eb","d39d0c"
"5874d5","07f610"
"587f1a","4a355b,31cf23"
"58a39e","029271,9d34a3"
"58a9b7","5a5850"
"58b1d4","31cf23,31cf23,31cf23,31cf23"
"58c80d","1b39a2"
"58d3ad","8145bb"
"58ddb1","1397ce,31cf23,31cf23,1397ce,b3b57a"
"593a05","214233,e5137d,214233"
"595d70","ada04c,8cbedc,ada04c"
"598895","26d0e4"
"599c4f","7a1b3e"
"59a7dc","1397ce"
"59bd3d","1397ce"
"59c1dc","5fb733,5fb733,5fb733,5fb733"
"59c210","d62369,1d116a,223050,0f4237,69142e,27fb8b,7c994c,d76166,4cfb2c"
"59e2c1","9e4bbf"
"5a0fb2","306e62,7cefb6"
"5a1885","5a1885"
"5a1abc","b1b9a9"
"5a47a4","20fb59"
"5a4dbc","1a43b0,774e2a,1a43b0,774e2a"
"5a6663","1397ce"
"5a835d","729bc7,729bc7"
"5a856e","35be99"
"5a918d","37f4e8"
"5a9b2d","c1646f"
"5a9b67","0e5428"
"5a9ea7","f328fc"
"5ad6f8","dc54d4"
"5ae12a","31cf23"
"5aec85","07f610"
"5aefa3","5da04b,5da04b,5da04b"
"5b0ade","95ef62"
"5b38f2","353f42"
"5b4fba","88835e,137aa3,ce695f"
"5b4fd4","5da04b"
"5b8c34","900150"
"5b9791","c04cd3"
"5ba499","fa3407"
"5ba939","d0de9f"
"5bae95","9443be,5e1fb4,ff7a41,1397ce,31cf23"
"5bf13b","64e15a"
"5c0040","5da04b"
"5c4376","4ffe17"
"5c475f","5e1fb4"
"5c50cc","1397ce"
"5c5c21","37f316"
"5c7ea0","d781c7,4eea1e"
"5ca467","bc38a6,057df2,a48431"
"5ca56b","34447f"
"5cc14f","1714d7"
"5ce88d","a884ad"
"5cff0b","31cf23,1397ce"
"5d1d48","fa0bf9,07f610,5d1d48"
"5d4b44","a96c31,8462d1"
"5d62eb","bd3f72,f1281c"
"5d718a","76d111,078ff2"
"5da04b","5da04b"
"5da42a","156d27"
"5db014","b77283"
"5dc639","d365ba"
"5dd4a6","25c4ed"
"5de7dd","380bf9"
"5df3c5","cd8c1e"
"5e05ea","ccbfb7"
"5e4a71","d781c7"
"5e58dc","eb943a,f036b9"
"5e78ab","ff7a41,ff7a41"
"5e80ca","31cf23"
"5e8e3a","07f610"
"5e915b","15f864,614255"
"5ea2b6","f6122c"
"5ea339","115cb5,f52f64,faa1f3"
"5ecce5","be6c70"
"5ecf08","b57dbe"
"5ed704","a3b4e2,0c952f,942f4e,31cf23,ae7377,305abf,c83c8d"
"5efa12","e7f4f8,0e5428"
"5f23cb","7c848d"
"5f2cd0","b12308,27f8c0,b12308,29fc6f"
"5f3a41","6e2a81"
"5f61f1","ff7a41,942f4e"
"5f6d39","c48b9b"
"5f86a6","4a82a0"
"5f8a3d","f536be,c8aee8,d94c88,615bfc,d94c88,c8aee8,15d598"
"5f9716","04a939,2ab40c,e60247,31cf23,543127,ff7a41"
"5fa377","6f1183,4f14b1,fa6228"
"5fa671","fee7fd,16b422,3c8067,302ef5"
"5fe19f","d1d5c4"
"5fec8a","6a01bf"
"5fed3f","1397ce,31cf23"
"60099e","cedf5e"
"603d0b","7fc18c"
"604fd3","ead5d6,ead5d6"
"605a64","cd7a9f"
"60602d","80cf32,31cf23,1c6b57,e164dd,f10168,ff7a41"
"607d27","ae2b7f"
"60949d","ccbfbd"
"60a60f","83b84c,f3311d,88f43f,25f647"
"60b6d5","6db6c7,0253c4"
"60b9bc","00fa30,07f610"
"60e1fa","3752b8,6ab3c7,6ab3c7,6ab3c7,ee081b,6ab3c7"
"60f99f","38f7d5,0429d0"
"60ff0b","6b27de"
"6127c1","efdcfd,c02885"
"614b0f","07f610,b7ef17"
"614c78","4da2b4"
"61670a","77accf,5fe7af"
"617358","ed8d7f,18465a"
"61a0a9","07f610,2582e3,0d0da8"
"61bed8","31cf23,31cf23"
"61c024","117f41"
"61cb3c","ca4b0a,ca4b0a"
"61d144","a8165e,87626e,2a5293"
"61e659","07f610"
"61f93c","cf43be,11769c,b3d00c,609d14,101894,1229d5,cf43be,b3d00c"
"620649","ead5d6"
"621c87","68741a,69d6d3,69d6d3"
"6242ea","efc8e1"
"625abe","5bb883"
"6262f1","f7a13e"
"62693b","b9287f,ab72f2,a7fcbe,f1281c,a7fcbe,a7fcbe,b9287f"
"626c2c","5c5c21,6ab976,50c6b2,d7eef0,a7c427,98cc7d"
"6294f8","6824f1,3c79b5"
"62b745","a4679d,6b9b06,e993ac,07f610"
"62bd79","c78a9a,78367e,969459"
"62cf93","00992f,d0ea6a,07c1b8,507c7c"
"62db19","43da9b"
"62def8","822050"
"62dfb7","28c8e9,28c8e9"
"62e4f7","e62513,eba72e,ca5cce"
"631f71","31cf23"
"6323b1","403592"
"634ac3","a268a8,68741a,bd0084,d278c3,90d4b5,68741a,bd0084,e03b23,68741a,bd0084,9e3786,68741a,bd0084,2b3eab,68741a,bd0084,d278c3,68741a,bd0084"
"636953","2a733f,ea40b2,8cbedc"
"638967","344ce5"
"63b476","07f610,6b5347,6b5347"
"63ca9f","123858,b17b9a"
"63d28f","d0d6b1,dda016"
"63e3c0","31cf23"
"63edf1","06f226"
"63fc9a","1397ce"
"6416fa","0b1476"
"642c7f","900150"
"643873","d4a937,6b9b06"
"645ac3","1397ce"
"649111","31cf23,07f610"
"649801","5da04b"
"64db41","fe8714"
"64f43a","c83c8d"
"651209","97cc4f"
"65153e","0d1103"
"651d11","298ca6,298ca6,57c187,290561"
"656fdd","85228e"
"657ba5","5c371b"
"659b4d","5da04b"
"65a46b","07f610"
"65be13","d970ee"
"65c46e","66ca4e,8cda20"
"65e647","83f7ab"
"660260","bca349"
"664e5e","4a2f14,1397ce"
"6651e3","35be99,5bd1d2"
"667a0b","442d56,89c29a"
"6686d0","939d34,b44101,939d34,b44101,939d34,b44101,939d34,b44101,2ffe4e"
"669aba","2e4a7f,f6357d"
"66a6a7","f70d97"
"670594","f15012"
"671ab2","5c92d9,a4a6c1"
"673eda","eb943a"
"6749fb","5bd1d2"
"678401","c202dd"
"6785a7","38d955"
"67960d","07f610"
"67a507","f29fb7,a3951f"
"67a867","a1e3cc,73a193"
"67c2fd","a21bc8"
"67e9ff","094eaa,5c7d60,094eaa,5c7d60,094eaa,5c7d60,094eaa,5c7d60,094eaa,5c7d60,094eaa"
"680a4c","4ec3c9"
"68123c","94be70"
"68685f","31cf23,84a6e2"
"6868c2","dfc429,d07788,d07788,d061f0,d061f0,d061f0,556e1f,556e1f,556e1f,556e1f,556e1f,6aada8"
"686ed9","822050,822050,42a751,35bed4,d61fb8,1397ce,83c702"
"6874cb","486ec1,486ec1"
"6876c3","09154d,ea40b2"
"689025","7e0d7f,31cf23,31cf23"
"68a0c7","bf4cb4"
"68abde","87b7dc"
"68f1e6","6ea58e"
"68f53f","d2520b"
"6910cd","ef7b04"
"6910f6","cb4487,68d0f1,6d4c7f,fe8714,f6ecba,616c3e,68d0f1,e164dd,3d80d5,616c3e,4a355b"
"693337","0ee25a,f9c027"
"693c27","b78e93"
"694825","5da04b"
"695441","8cbedc"
"6955b6","b670fd"
"6971fa","e748f3"
"69758e","3a984f,4eea1e"
"698443","324d8a,54025c,d409a0"
"69889c","0edfeb,1a5ffd"
"69a692","ea0e80,ea0e80,ea0e80,ea0e80,ea0e80,ea0e80,ea0e80,ea0e80,2a7ad0,ea0e80,ea0e80,ea0e80,2a7ad0,ea0e80,2a7ad0,ea0e80"
"69b045","5bd1d2"
"69b5d2","ca5a01"
"69c98b","517880,ceb207"
"69d965","35be99,f7b79e,35be99"
"69fa17","f0d5fd"
"6a062f","a86a28"
"6a2d96","ff7a41,28683e,6ee08b"
"6a39b6","69d6d3,1c1087"
"6a66e5","804ebb,e9c7a6,27e4b1,804ebb,e9c7a6,27e4b1,fa30a0,b6cafc,97f819,3418cd,fce1e0"
"6a8006","0dff0f,2883e5,4ff2be,8d2278"
"6aa361","b7ef17,07f610"
"6ab16a","b3599d"
"6ac133","a88bf6,1c2b45"
"6ada52","6b2d5b"
"6ae61e","1397ce"
"6af84b","5bd1d2"
"6af913","b3cdb3,942f4e,ff7a41,9e0843"
"6b07d2","b61915"
"6b162f","8ba031"
"6b2b69","0343a5,bf7ef7,2c5709,b44101"
"6b3451","cf65a3"
"6b51ec","c36cef"
"6b55ed","b4f3c3"
"6b5634","8cbedc"
"6b6160","25b0a3"
"6b64cf","374e88,312ee6"
"6b6dee","07f610"
"6b7a93","35be99,35be99"
"6b98a6","a468e0"
"6b9a52","7592fa,64b538,33e28a,7592fa,8fc4ab,13f924,7592fa,64b538,9b7e2d"
"6bad48","82a6fc"
"6be3de","ded9a7,c2ebce"
"6bebe6","822050"
"6bf128","07f610"
"6bf407","9c3082"
"6c0939","a07248,ae0a8d,ff7a41"
"6c161e","c6501a"
"6c1e38","07f610"
"6c2b69","77c050,46eee1"
"6c2de6","2f7f5d"
"6c4ea7","2f4428"
"6c4f08","1397ce,093805"
"6c601d","31cf23"
"6ca16f","b19d95"
"6cc056","141f7d"
"6ccbaa","31cf23,900150,ff7a41,942f4e"
"6cea78","c49c4e"
"6ceba2","31cf23"
"6cfb61","757fc3"
"6d66f3","d0de9f"
"6d7fe3","1397ce,c4ab10"
"6d9275","bd3410,31cf23"
"6dbd75","cd1442"
"6dcbf4","8b28c7"
"6dd3ba","a41db7,8e3be7"
"6dd55a","d4c285,8385da,992d1b"
"6e1b5e","73a193"
"6e1d67","31cf23"
"6e2561","f46b60"
"6e2e07","c6fc95,31cf23"
"6e4187","ab9a41"
"6e4c95","31cf23,1c6b57"
"6e606e","de4a4d"
"6e8812","1cf59a"
"6e8fb8","8ff029,35be99,960df5,9c409e,8ff029,35be99,960df5,9c409e,1e09e0,35be99,f29868,35be99,0b99e2,294584,0b99e2,294584,458b49,35be99,ebd2d0,f2a8dc,ae2370"
"6ec0fe","616c3e"
"6ec6f7","282797"
"6f1482","b5c35f"
"6f2c94","5640cc"
"6f3a26","a8eb31,b10a12,a8eb31,b10a12"
"6f5add","6ee08b"
"6f611b","618616"
"6f6895","31cf23"
"6f83f8","ce88f7,aa7149,62c428,58d6d5"
"6f92e4","b5a079,5d1a69"
"6fce7b","302d81"
"6fd9f5","206a40"
"6fe752","f10168"
"6ff4d8","ff7a41"
"6ffd43","934447"
"70125e","d24940"
"70257e","fec7ad"
"702ec8","c41cd8,fe8714"
"704606","58e487"
"7075a8","c6b5fe"
"7077be","1397ce"
"707c67","38f7d5"
"707f89","4034a6,4034a6,4034a6,4034a6,4034a6,4034a6,4034a6,4034a6"
"708fce","5a6f05"
"70c9cf","415aeb,a0a058,6524ea,d58239,b3b57a,e4b214,8cbedc"
"70e53c","6db6c7"
"712f23","91f5a3"
"713181","88f179,90f245"
"714124","0c1731"
"7159f0","31cf23,31cf23"
"7169ec","7169ec"
"716cf9","5510be,b79882,8d9381,ea40b2,5510be,b79882,8d9381,ea40b2,8d9381,ea40b2,5510be,b79882"
"7173e8","ab9a41,e5a84a"
"7196e0","07f610"
"71d517","70d257,f85b53"
"71d70d","a25dc1"
"71eb97","0c8492"
"71f433","1397ce,d4cbe1,1397ce"
"71f532","aa615e,9513c9"
"720af2","8652bd,c0047f"
"721e74","07f610"
"72483f","55b8a4,e8885b,4d6894,aa26b7,353f42,353f42,88f179,353f42,e8885b,353f42,e5a84a"
"72642e","e923ba,aabbf7,e923ba,aabbf7"
"729bd8","00f8fa,857a2d,e1cd90,ca9a1c,2dbff6,c7cace,121256,4fe757,7ecf54,7ecf54,8de89d,a7d340,0f4319,c60059,84a6e2,e6a3c7,9355a0,0cd323,0c1731,503f49,9355a0,90910f,5d30ac,80cf32,61a1ae,ec3fac,f49c7c,f74e38,2c3a23,31cf23,07cc69,76d353,1cd9a7"
"72b3e4","e17ead,2ddf40,e17ead"
"72fe6f","1397ce,31cf23"
"72fe98","44c18f,07f610"
"731715","090264,090264,090264,090264,090264,090264,090264,090264"
"732f04","1195c2,1195c2,1195c2,1195c2"
"7342e9","f49c7c,a87490,07f610,b9c2c3,5bd1d2"
"734b4d","39407d,9f076a,9f076a,9f076a,9f076a,9f076a"
"734cb4","07f610"
"7350ad","f9f90e,ff7a41"
"735c9b","8cacfa,329ff8,329ff8"
"735cdd","af4abb,af4abb,af4abb,af4abb"
"738594","822050"
"73c710","07f610"
"73c953","952215,8a5606"
"73e31b","1f73f4"
"73f6f7","0aafb6,ad7506,0aafb6,58e487,85c66b,8a7287"
"73f8b1","988cfe"
"740650","daaea7"
"740ef1","05244d"
"74390d","ee88b9"
"7480a1","11c2b1,a85dfd"
"74ac97","493c94,02934f,02934f"
"74ae0e","5e1fb4,07f610"
"74b8e3","d8ab8e,d8ab8e"
"74baaf","66ca4e"
"74c03e","9f8d75"
"751561","830ce9,d7e878"
"752b66","154c7b,093805"
"755325","0d2fd7,d76166,2bad6a,617d42"
"7558f2","86a82f,86a82f"
"7564cf","ff7a41"
"758381","ff7a41"
"758742","9e54a8,9f1e80"
"75a76c","2029e7"
"75d475","c3f96d"
"75e4d5","20ea9a"
"75f46a","167b4f,6e30c2,6e30c2,2f4dad,ee83e3,a8165e,5bd1d2,915345,78141f,ead5d6,68d0f1,8d3837,774537,68d0f1,774537,8cbedc"
"7608fe","900150,942f4e"
"7611d1","0300a9,07f610,d58239,1397ce,68d0f1,6dd2ab,07f610,d58239,1397ce,73a193,da1586"
"76131f","faa3e4"
"7619a3","beee54"
"762945","07f610"
"76357e","f49c7c"
"7668bd","c881df,6a01bf,ee88b9"
"767b91","01a673"
"7683d2","b2801c"
"768d18","35be99,960df5"
"76cdb8","e308c7,5c2f0f,60f6ae,312ee6"
"76e17f","543b3f,4312be"
"76e1ba","818c7d,818c7d"
"76fad5","434990"
"770dac","5da04b"
"7731ab","051d7a,051d7a"
"774c5b","616c3e,8effd4,5bd1d2"
"7756e4","01bd3b"
"77844c","aa9957"
"77913b","e9ce05,d87609,1c88ff,56ea8b,27bb33"
"77965c","b6e5f3,6c145b,38ec6b"
"77aa1d","31cf23"
"77f834","25500f,bbba70"
"77ffe3","1397ce"
"780ce9","cbe50a"
"784026","c9b030"
"785ad9","d45b07,1397ce,e5dde5,d4df17,b2506b,d22567,f7eaad,0426d7,0426d7,096f79,71ce18,5bd1d2,874d55,31cf23,0e742a,463018,faca89"
"785f54","cedbbd"
"7863ff","1397ce,d58239,7be66d"
"7869f5","543722"
"787655","ff7a41"
"787c0c","8b507d,a50243,786874,51bc77"
"78a538","56d50a"
"78ad5f","1397ce"
"78b21f","8aba76,ff1a59"
"78d2da","6b423c,35be99"
"78dcfd","3e0576"
"78f99a","5bd1d2,a3951f"
"7905bd","7905bd"
"790c7f","942f4e,ff7a41,5e1fb4"
"7920b4","62960a,7add9e"
"792c8b","8cbedc"
"795788","982717"
"7976bf","8b3f8e"
"79770a","db5af7,1397ce"
"797ba0","616c3e,bfe277,f8d2bb,ff7a41,1a5ffd"
"798b54","647692,66ca4e"
"798eab","8f8e03"
"7991f6","9c1f33,96bfea"
"79bbb4","5e03d7"
"79c828","de2fc3"
"79cad8","c6828a,ff7a41,ff7a41"
"7a1742","a7a29f"
"7a3c44","ff7a41"
"7a7a2d","84cd34,84cd34,1397ce,4e1fe6,ef27b3,776b81,3f0f30,90ca6e,80e767,08d267,31cf23,305cc6,7e33e5,f7029e,9e54a8,f7029e,9e54a8,68d0f1,31cf23,746ea1,c0047f,dfe9d5,825bc3,f10168"
"7a7b5c","f8315f"
"7a9e6e","dbd346,dbd346"
"7aaadc","1b6035"
"7ad1eb","26c574"
"7ad259","b1b483,c78abd,91f5a3"
"7ad4b3","0a196c,a7695c"
"7ade00","e9f130"
"7ae5e7","f8f6ea,394bbe"
"7af3e1","d58239"
"7b1c15","16d815"
"7b3c47","de719d,1397ce"
"7b4451","d0de9f"
"7b5272","40b7c6"
"7b5958","e927c0"
"7b5a81","db92d0"
"7b6ce1","9fd92d"
"7b9308","601d7e"
"7ba67f","cf0387,7c82ad,5dc9c1"
"7bd728","1a69bc"
"7c000f","f1bd60"
"7c0b1e","b147ca"
"7c12e5","5c3d84"
"7c1814","58e487,d4cbe1,d4cbe1"
"7c1e77","c84ae0,b670fd"
"7c38e4","3b50da"
"7c3a18","c22353"
"7c5bcf","787c0c,786874,51bc77,6e8812,1cf59a,b5280a,31871f,d66949,ff7a41,5bd1d2,5e1fb4,b98fd2,b25a44,a09ddf,5bd1d2"
"7c5eb2","c08dac"
"7cac7a","b652e7,beb454,b652e7,beb454"
"7cd180","820eb5,c03d0b,e02893,e20fc1,2f742c,6b4bf6"
"7ce848","073905"
"7d0791","9a70d0,1a2c83,f151fd,1a2c83,f151fd,3ead86"
"7d07b2","d4cbe1,31cf23"
"7d0d7a","3ffc84"
"7d1692","31cf23"
"7d1991","07f610"
"7d3241","0b22db,429acf"
"7d3490","6db6c7"
"7d4d5b","8d004b"
"7d5fec","900150,ff7a41,5e1fb4,e8885b"
"7d7f38","1397ce"
"7d8cb2","31cf23"
"7d8de4","8f2eb4"
"7da553","0253c4"
"7da801","c5f6f5"
"7dae80","785f98"
"7db3d6","072f01"
"7dea0b","1cf59a"
"7e057b","5e79d7"
"7e082a","e63956,124876"
"7e2edf","07f610"
"7e5b3a","c009a8,42253f,b5e213"
"7e5d5f","4e8ef2"
"7e6995","616c3e"
"7e96f8","4c1a4c"
"7e9be9","d0de9f"
"7eb0c2","374e88"
"7edba8","e6d0ec,54d17f,91f5a3,a03cab"
"7eea9e","1397ce,c4ab10,0429d0,d4cbe1"
"7f04b0","07f610,7b30fa"
"7f27f9","87ddd7,a2e3c1,97714e"
"7f4381","06f226"
"7f61ad","72f968"
"7f786c","acfd56,acfd56"
"7f997a","55ecff,7e0c7e,ee4f1a"
"7fbffb","35be99,35be99"
"7fcb9c","e4b48f"
"7fd748","d365ba"
"7fdbe2","067427"
"80073d","30305e,c532c6"
"802535","1397ce"
"802e31","b670fd"
"8030a1","12778c,12778c"
"8038cb","31cf23"
"805762","fac2b7,d409a0"
"805c32","83245b,d7fe15,803a2f,d7fe15"
"805e6b","8c7c12"
"8074df","31cf23"
"80779a","40b7c6"
"8079d9","4a355b"
"807baa","91131e"
"808f81","174d5f,beda7d,fbb0ba,d2288f,efd9da"
"809a0d","6824f1"
"809c62","dd5c8b"
"80b93b","7e5548,68d0f1,6d4c7f,7b0ff0,7e5548,31cf23,68d0f1,7b0ff0,067427,6d4c7f,68d0f1"
"80be7b","f1bd60"
"80ce5a","8de976"
"80ed8b","942f4e,ff7a41,642272"
"80f83a","042afa"
"80ffca","f158f5"
"810864","8cbedc,e14a51,a92dc8,dc54d4,9c6aa7"
"810a09","07f610"
"8127e3","ac6893"
"81301e","486907,9ecca3,0ef636,50ba9d"
"8141e0","31cf23,31cf23,d781c7,942f4e,ff7a41,5e1fb4,825bc3"
"815166","62c428"
"815213","c70a11"
"81779b","c4ab10,31cf23,942f4e"
"817bc9","a90f45,e2d2de,8134b8"
"817f22","7457e1"
"81b2a7","7cefb6,31cf23"
"81bb9e","343031"
"81d9ca","4ec3c9,d0ae48"
"81e177","0253c4,11c2b1"
"81ff9d","c4ab10"
"8206de","87e404,918f87,42be6a"
"820d55","3276c8,142b10"
"821f3c","e54166"
"8224c9","866505"
"826fd9","27ec3e"
"8282da","071f33"
"828e6e","0b64e0"
"828f16","4c734c"
"829051","3f8dde,2e0728"
"829f10","5da04b"
"82a62f","900150"
"82a86a","f6e140"
"82b441","e25807,b7ef17"
"82bf2a","5b7c31"
"82cb80","5e1fb4,e8885b"
"82e6d3","11c2b1,31cf23,2dac14"
"82ebb2","80b751"
"82f4f0","41746d,de0696"
"832e26","98f3dc,9fa887,69faa4"
"833f05","8100ea"
"8340f6","07f610,a88bf6,b7ef17,0db02f"
"839306","ad8c66,db7ce9,66ca4e,80c50f"
"83b145","60d7e3,283bd7"
"83b891","f6ecba"
"83d720","fa819c"
"83eba1","05244d,05244d"
"83fe95","521345"
"84530b","d4eb2a,dd557b,d4eb2a,1397ce,d58239,e8885b,1397ce,d58239"
"8453cc","639e8e,02de4e,368466,639e8e,85c203"
"845e1a","a28ce5"
"845e2a","893262"
"8473bb","3d8a54,096658"
"849977","edba28"
"84ad32","1397ce,38948b"
"84b56a","900150,62c428,f0b38a,942f4e,b3cdb3"
"84d507","1397ce,8c5430,1397ce,1397ce,8c5430,1397ce,8c5430"
"84e0cc","34de0f"
"84e687","57ea4f"
"8504e4","07f610"
"850afc","9beeb9"
"851dc7","ce09b5"
"852287","a15a89"
"852c4e","a4cf0f,a4cf0f,7db35a,64a34c,df00e3,b0565c,d25962,e22fab,4ce2f5,d798b9,d25962,d798b9,d25962,d798b9,d25962,d798b9"
"852ed2","e6f24d,c89e6a,b3cdb3,e02d90"
"8531f3","0cc175,ff7a41,1d0b61,419736,1d0b61,37fa4e,cadd4b,0d8581,a63489,ff7a41"
"853ff7","1a69bc"
"855099","115cb5,f52f64,faa1f3"
"8552ed","b4f859,4f49f2,d02f4f,b4f859,4f49f2,d02f4f,b4f859,4f49f2,d02f4f"
"856ff6","281356,9d38b2,31cf23"
"859130","f751f7"
"85982f","d583dd,a3951f"
"85bc27","8e7a7a,4c47c4,5df397"
"85be87","66ca4e"
"85d3ae","794b0e,4f2905"
"85d70a","3ac75a,93ce5c,1397ce,31cf23"
"85e94d","07f610"
"85f082","3b9d19"
"861e2d","ab318e,1397ce,9c0f21,0b0749,51b02b,ab318e,0429d0"
"864b97","c01ec7"
"866145","56d50a"
"866b3d","79e502"
"86834b","95afa9"
"868738","363887,ae0a8d,e164dd"
"86a1e4","88eaac,ff7a41,942f4e"
"86c5b4","215e9c,526055"
"86dcf6","31acd0"
"86eafd","374422"
"86f6be","5cc6c5"
"86f78c","5bd1d2,0aafb6"
"871753","c4ab10"
"875f86","35be99,f1281c"
"878b46","9ec38f"
"879a6e","1397ce"
"87a401","0efa6c,4da788,fc4c80,4da788,191e7f,98b9fd"
"87aa95","e5a84a"
"87e347","31aa24,c098cd,b031c2,801c07"
"8802fd","ba67ce,ba67ce,ba67ce"
"8814c2","e7fd1d,b09f68"
"883a61","423f7f"
"885215","0f449b,b6f633,0f449b,b6f633,0f449b,b6f633"
"886903","e0b16a"
"887e2e","7c7569,324d8a,d409a0,324d8a,6442c6,324d8a,f158f5,5601f1,5601f1,e73fe9,e059b1,50bac8,fe5e76,18b876,fe5e76,e88f16"
"888a3f","21f63c,4e6b78"
"889140","1948b3"
"88a9b4","8e6173"
"88af8d","4f69f7,5bd1d2"
"88c15b","3ab286,f1281c,43b1cc"
"88c220","1d682a,6dfe35,b29698"
"88d044","8fc42c,67949a,ff7a41,37e730,d365ba,02c137,760061,5194ec,01e31a,915345,c2d41f,0a5716,0300a9,d365ba"
"88d4de","abb649,ff7a41"
"88d5ca","904647,a47509,a665ef,6fe46e,ad7506,ed7cde,c2ebce,29cd5c,a47509"
"88e9f7","c1cea3"
"88ed6a","15b167,9a680c"
"88f711","5da04b"
"890c12","587ee4,b73c2d"
"890fef","4609ae"
"894398","ca4473,07f610,93a24e"
"894e14","d75422,d75422"
"8956ee","d96e20"
"895784","b7b093,8c5430,ff7a41,28683e"
"8960d6","1397ce,07f610"
"897185","18465a"
"89a121","13b95e"
"89b653","24c69e,07f610,c02885,1094af"
"89b89f","07f610"
"89c015","e2434d"
"89c190","88163c,d7fe15,a47c1f,d7fe15,4dde03,d7fe15,d0d4ad,d7fe15,061793,d7fe15"
"89cb58","1da4aa,f1281c,1a69bc,07f610,ba9e42,1a26be,c0b398,0aafb6,fa23c4,bdd0c1,d0e3df,17c998,ab0eb1,13dcd1"
"89e35c","3c3b5a"
"8a0300","0c8c38,113c1b,3e483e"
"8a14ee","8c1307,74b5de,8c1307,74b5de,8c1307,74b5de,8c1307,74b5de"
"8a1697","617d42,ff7a41,b44101,0a64c8,b1827a,db3d10,d204b4,4a831d,9ce2ba,9ce2ba"
"8a2f8a","facacd"
"8a49de","6c85b1"
"8a8b49","312ee6"
"8a9278","1751f8,749b74"
"8ab810","1397ce"
"8abcc9","e73fe9,e73fe9"
"8ac057","e748f3"
"8ad604","be4163,48510e"
"8ade3b","de4a4d"
"8af807","a1c0b3,ca4473,07f610,fffe52"
"8afb0f","2b1bde,1bd2a2"
"8b0e9b","2972b0"
"8b1172","ead5d6"
"8b24ab","e18b2f,32aec7,21fa80,03058b,5de065"
"8b2a63","c7f8e5,d15dee"
"8b4dcc","9bbd99,4a8a08,68dea3"
"8b642a","18465a,ff7a41,1397ce,31cf23"
"8b814c","9fa887,98f3dc"
"8b87df","9beeb9,250682"
"8b8ce1","abe2a3"
"8baa8e","e3998a,79e502"
"8bc658","1d0b61"
"8bcdd6","5e2958"
"8bdb76","18465a"
"8beb5a","ff7a41,1397ce"
"8bf12b","ead5d6"
"8bfd81","5154af,5e1fb4"
"8c01dd","8c1307,74b5de,8c1307,74b5de,8c1307,74b5de,8c1307,74b5de"
"8c04ba","f1bd60,31cf23,de7c1b"
"8c4acb","096f79"
"8c5847","5d9ca6"
"8cc14e","a88bf6"
"8cc549","64fad2,34b7da,ff7a41"
"8cca20","7a1b3e"
"8d0782","3feb2d"
"8d0815","2cd0cb,d85362"
"8d1f8e","0d4816,a3951f"
"8d4679","e40037"
"8d502b","7c8d3b,f1281c,03811b,0d8f41"
"8d838e","849d69,4df025"
"8d9555","eb459f,31cf23,88401c"
"8db126","246c1c,73a193"
"8dc27e","c1f508"
"8dc737","15dd6f,ff7a41"
"8dcc27","4217ec"
"8dfffd","08e330"
"8e0efa","616c3e,5bd1d2,35be99"
"8e134b","35be99"
"8e172b","5640cc,2ffd86"
"8e26bd","ed9c10,dc54d4"
"8e3579","256561,4138d5,38f312,b539c9"
"8e7182","d99687"
"8e80e8","14d381"
"8e888d","d0d6b1,0d1c3d,d0d6b1,0d1c3d"
"8e97dd","0c8c38"
"8e9b2d","f63ce6"
"8e9fb7","e19dfd,35be99,30dbed"
"8ea2b6","e358ef,affe7d"
"8ecb3c","652616"
"8ecd71","2ee335"
"8edc5c","66918b"
"8f042f","578357"
"8f2b0b","96c84a"
"8f31a2","d77fc0,380782,380782,380782,380782,380782,eabdab,9bbe39,36d8e4,36d8e4,be2dc6,6e17b6,11add2,e73fe9,d9a0f3"
"8f3b5c","c1646f"
"8f3f05","cb4487,cb4487"
"8f43f5","c6b5fe,f9c027"
"8f71fe","e923ba"
"8f72b4","bf4cb4,f1281c,a219e9,35be99,81b6eb,c7f8e5,79ebcb,d4675c,ebd2d0,5bd1d2,525c2c"
"8f767d","a84d8f"
"8fa53b","115cb5,f52f64,faa1f3"
"8faa7a","b49658"
"8fb00a","ad7506"
"8fc6c7","beb454,38de2b,d29152"
"8fd4d7","97cc4f"
"90192c","d72abb"
"903f34","c9b030"
"905099","942f4e,68d0f1,1397ce,31cf23,eef708,1397ce"
"9050aa","26c574,31cf23"
"905cae","167c03,5607d3,ed377a"
"90c53c","77d70b,f593fa,1e71de"
"90f995","31cf23"
"90fc28","d2a5af"
"90fc42","de6070,e748f3,b7ef17,07f610"
"910179","a2f78f,af7863"
"912ba8","31cf23"
"914b41","5bd1d2"
"915345","42b161,2bc1a8,449a36,d0d6b1,1da4aa,890eeb,24dde3,dc54d4,95f46a,94dc93,eb459f,24dde3,dc54d4,1b666b,1220d3,7cefb6,c2d41f,0a5716,c2d41f,0a5716,bc9a3b,915345,41a505,c734eb,01a3ec,5a61f3,1220d3,7aa555,85d4c5,64931c,d629ae,51b02b,41a505,a9490d,d69403,cf9b1d,569d1f,d69403,a9490d,cf9b1d,569d1f,6ed615,3fbf3c,b7f1f1,b7f1f1,b7f1f1,d2a5af,a72519,bc63bc"
"916e88","b0b338"
"919437","39f1a0,7bafe6"
"91aa3d","dfe618"
"91ad23","5abcdf,4ec75a"
"91fda5","7ebcc5"
"9210aa","a8c12f"
"9222ed","aced19"
"92490a","ff7a41"
"925e69","cfcfaa"
"9274f3","b12308,fe864a,b32236,d780ea,c548e3,fe864a"
"927780","4e66c2"
"92c0d8","c1646f"
"92eae1","c6b5fe"
"92ef13","47390a,7f5e33"
"92f31e","2f4428"
"92fa88","113c1b"
"92fb49","81c506"
"92fd06","32ab39"
"9305ab","d5aa17"
"930b3d","89571f,b7ef17,e28f18,d4cbe1,89571f,d4cbe1,a27835,4bbe21"
"930e33","8a8ece,b09f68,908464"
"936151","bfdf5e"
"936fdd","e5a84a,ab9a41"
"9389fe","5da04b"
"93b4e8","7cefb6"
"93c084","562e9b"
"93cf14","fcb1d5"
"93d9e9","98804f,d9fa38"
"93db96","03c7c0"
"93e338","93e456"
"93e982","8d269b,8d269b"
"93fb17","5640cc"
"941aea","9e315b"
"943299","5b8e73"
"946c3c","ff7a41"
"946e96","37a9db,4b8b12"
"94820e","411a52,f4eb27,535dce,07f610"
"94a812","7135db,5c92d9"
"94b5ca","55b8a4"
"94c6fe","0303d7"
"94c8aa","5a4075,07f610"
"94d3c0","f1281c,4d15c3,4a00b0,442c05,a84721,4d15c3,636509,eeee08,946542,4d15c3"
"94dc3c","1cd9a7,31cf23"
"94e012","0d1103"
"94f1bf","de4a4d"
"94fef5","d94c88"
"950d47","8cbedc"
"9522f3","35be99"
"95303d","b670fd"
"95733f","ed949b"
"9584d7","e063a1,ba43d8,17b604,abd711"
"959b3a","374e88"
"959c54","186503"
"95ea01","35be99"
"95ef62","400e55"
"95f46a","69d6d3,461a1c,69d6d3,461a1c,94dc93,3cd7e2,1ffd9e"
"9621a1","1f0443"
"962a81","1d0b61"
"9679e5","b83b34,d0d1c2,b83b34,0e21c5"
"967d4a","0d8f41"
"96906f","0d14d8"
"96a954","5bc1b6,24c69e,d292ab"
"96bedb","5f9ca4"
"96c657","805efc"
"97a100","5e1fb4"
"97a3c9","129dc4"
"97b8aa","07f610"
"97c7bc","2b6909"
"97dc47","25a540"
"97f0c9","4a030c"
"97f381","35be99"
"981352","4dd1d8,d5db87,3c7911"
"982d87","8cbedc"
"98320b","f7e3a1,e1cd96,6f245b,9bc33a,91f5a3,91f5a3"
"984e1c","c5146e"
"987116","b6e5f3"
"98713d","a468e0"
"987825","35be99,4ff9fc,db8834,305646,4ff7ea,923fe3,1f6fda,ff7a41,35be99,4ff9fc,db8834,305646,4ff7ea,923fe3,1f6fda,ff7a41"
"987949","88d5ca,c2ebce"
"9889b1","4a355b"
"98911c","61c69c,757fc3"
"98b329","07f610"
"98c7d6","1397ce"
"98da4d","ff7a41"
"98e22e","d3d227"
"98f257","07f610"
"99148a","5bd1d2"
"99565f","353f42"
"997b75","f644a2"
"998d01","a4db17,820eb5,95e529"
"998f9b","31cf23,1397ce"
"99ba6d","c9b030,1397ce,68d0f1"
"99bf61","218a7f"
"99ddc5","7b2c67,b7ef17,4d6894,ffff5b"
"9a0580","1397ce,b09f68,1397ce,b09f68,31cf23"
"9a16bb","35be99"
"9a34ff","03e02f,933943,e48ff3"
"9a45c8","0cf6bc,1397ce"
"9a55a8","73a193,d4cbe1,73a193,d4cbe1,73a193,d4cbe1"
"9a5e7c","2692c4"
"9a88a8","6b5347,6b5347,6b5347"
"9a8920","3a3d8d"
"9aae31","f2314a,6b0bf3"
"9ac724","d82aa7,c4ab10"
"9ad3f1","c83c8d"
"9ae25d","c6b5fe"
"9aec76","35be99"
"9af90a","89e829"
"9b0145","042afa,473ae5,d58239"
"9b287a","d90533"
"9b4683","c0b70b"
"9b6186","2ee82b,52578f,ec3b0a,1397ce"
"9b6cae","051de3"
"9b8417","e92646"
"9b93c8","68d0f1"
"9b9adf","8a7287,7cefb6,3e3647"
"9babdc","8e4ee6"
"9bb051","1397ce"
"9bb25f","f158f5,f158f5"
"9bc9cf","90f245,88f179"
"9bd09e","db5af7,31cf23"
"9bee29","f530e5,d94c88,9989c4"
"9c19b2","09f831"
"9c2072","98f3dc"
"9c228a","5ebc67,54d633,5ebc67,54d633"
"9c3133","fe312a"
"9c7610","4d4d8d,908c97,4d4d8d,908c97"
"9caa10","282797"
"9cbe6d","552360,c975ab,07f610,07f610,07f610,07f610,07f610"
"9cbf3f","101c6b,101c6b,101c6b"
"9cc735","990801,c7f8e5,d8d8f1"
"9ccf78","7d41f4,826b15,a54bc0,847b6e"
"9cd483","5c92d9,e955f7"
"9ce17c","a21810,7774ce,7774ce,c4ab10,c4ab10"
"9d0ae8","00381b"
"9d0d25","5bd1d2,35be99"
"9d2e9f","f49d05"
"9d6947","bcf8c7,aa7891,55dadd"
"9d8b2b","4c798e,1397ce"
"9d994d","8cbedc"
"9dbf73","d8dbc8"
"9dcd66","0c833d"
"9dcfd8","450760,7eabf6,0d69c8,01d9a7,0d8b76,c1197a"
"9dd40e","b284f4,07f610,455b5c"
"9dd96f","35be99"
"9de935","36102d,259a44,2dfdf8"
"9e055b","642720,9ded36"
"9e2d04","f1281c"
"9e3c84","a34e56,a34e56"
"9e3d85","a96c31,91475f,d61fb8,124876"
"9e6265","ccd274"
"9e6779","0c1731"
"9e6eaa","578b73"
"9e6f0a","d9ede4,07f610,ff7a41,31cf23"
"9e8c9b","07f610"
"9e98af","6bee76,85a50c"
"9eb3fd","38f7d5"
"9ed891","3260b0,c6b5fe"
"9ef154","6218d4"
"9f167a","7a6839"
"9f6487","f1281c"
"9f79a8","1397ce,1397ce,1397ce,31cf23"
"9f7a58","f48614,f48614"
"9f7cd4","07f610"
"9f87f6","1cf59a,69d6d3,69d6d3,69d6d3"
"9f94c8","0c1731,d58239,4a2f14,31cf23,d58239,02c137"
"9fa3d6","fbf48d"
"9fb484","c2d507,c2d507"
"9fdd4c","1397ce,d0715f,c0b70b,5e1fb4,31cf23,31cf23,ee88b9,31cf23"
"a0044b","1397ce"
"a016ef","31cf23,602f87"
"a01801","d58239,1397ce"
"a01cff","8cd293"
"a0390f","5e956d"
"a04e8a","1a5ffd,0c1731,29fc6f,730c62"
"a05e30","cd68dc"
"a064bd","3c3445"
"a0819f","ed8047,7c7569,2cac16,ad88d3,5d2985,38f7d5,c8574a,0f2ad7,a19d28,84f511,e1d25c,486907,07f610,9c7610,50ba9d,ac253a"
"a0cb90","68d0f1,4f972f,a22b12"
"a0d075","a4d5df,cd772f,a84721"
"a0d107","9c7610,c26a64,353f42"
"a0e142","55c76f"
"a0e290","1da8f2,6b5347,31cf23,03f753"
"a0eb8a","31cf23"
"a0f8f8","89a7ff,32d521"
"a11b92","830ce9,06f226"
"a11dec","470472,c9b030,c4ab10,b3b57a"
"a14865","0536b9,865c0c"
"a15c39","039d77,01a673,a6319d"
"a169d6","493c94"
"a16cb2","bbaaf6,07f610"
"a178de","c6b5fe"
"a19332","8cbedc"
"a1c175","0eba27,f34ff4,1bd326"
"a1ce90","31cf23,bc6d7b"
"a1d680","31cf23,1397ce"
"a1dcce","07197f,6da28d"
"a1e1e1","fabc08,78499c"
"a2024e","864066,312ee6"
"a24b9c","7338ed"
"a25a24","6d02d8"
"a26545","1397ce"
"a269ba","971ef6,3259a1"
"a2705d","29fc6f"
"a27175","81d7bc"
"a27216","1397ce"
"a28543","79cad8,79cad8"
"a28aa5","5da04b"
"a28c58","616c3e"
"a28ceb","072618,649fa7"
"a2bcb8","e5a2a2"
"a2cc0f","35be99,35be99,35be99"
"a2d0b3","3370ae"
"a2e131","31cf23"
"a2f321","40b7c6"
"a2f360","d0e8b7,d0e8b7"
"a2f593","668e81"
"a30f11","6b39a4"
"a31f3f","bf3d7b"
"a32a99","3679b2"
"a33b17","051de3,051de3"
"a359d3","ec149b,1cf59a"
"a35a4c","6ea9dc"
"a35b19","0f378f"
"a3905d","945253,af3ebf,69d6d3"
"a3b650","11c2b1,11c2b1"
"a3c4fa","7c8d3b,03811b,c4ab10,92865d"
"a3e620","5d9ca6"
"a3ebc5","27fdfc"
"a3faa8","ebd2d0,35be99,8fc42c"
"a40338","b670fd"
"a428fb","31cf23,467521,19b13a"
"a44250","98809e,98809e"
"a4429c","318878,8fc42c"
"a444e0","5da04b"
"a44e0e","cee9bc"
"a46f4d","ac33c6,2b3eab,b15d47"
"a4812a","471c1b"
"a4949c","b68675"
"a494a2","40bea8,11c2b1,dadad2"
"a4ba4e","fbcb08"
"a4c35d","942f4e"
"a4c820","f3895f"
"a4c96e","8987bf"
"a51082","ef536f"
"a5169d","1751a7,4a355b"
"a5201d","115cb5,f52f64,faa1f3,f530e5,d94c88,9989c4"
"a522bc","1397ce"
"a525fb","f93c57,8ffe88"
"a52c4a","e5a84a,ab9a41"
"a530da","34067b"
"a5420d","07f610"
"a54933","66ca4e,2621f4"
"a5593f","be711a,b5e855,50e071"
"a58a39","31cf23"
"a5ae2c","d10b8d,ee7e47,397fe7"
"a5d37e","929200"
"a5d3e2","84ecfa,f8515c"
"a5d634","5da04b"
"a5e114","07f610"
"a5e290","35be99,b3b57a"
"a5e8cb","07f610,31cf23"
"a62649","281356,9d38b2,856ff6,73a193,281356,9d38b2,856ff6,73a193,281356,9d38b2,856ff6,281356,9d38b2,856ff6"
"a62900","87efd0"
"a62d21","e8885b"
"a633ee","1e08c7,a47992,3152c3,1e08c7,a47992,3152c3"
"a64dbc","50ba9d,2e7f47,31cf23,1397ce,1397ce"
"a65fcd","4c798e"
"a66776","d52f2d,b80e88,a07c93,40d5e1,eb943a,48d2cd"
"a6819d","19b743"
"a68e0b","b25a44,f9c027"
"a69900","ec9e19"
"a6b22a","e923ba"
"a6d25a","07f610"
"a6e125","c0047f"
"a6f0c1","652616,69d6d3"
"a6f63b","778dc4,536007,22ba59,172522,ae1fe9,85db7c,067427,e4b48f,093805"
"a715b9","7b2c67"
"a717cf","101894,ab9a41,07f610,0f7765,8e6173,b7ef17,07f610"
"a71ee1","4eea1e"
"a721cd","6824f1"
"a73d6a","40d5e1,fb68ee,31cf23"
"a76851","1da7ee"
"a7695c","a4c35d,617d42"
"a76a74","0ac282"
"a774a1","15bb70,d4cbe1,15bb70,d4cbe1,15bb70,35be99,35be99,b670fd,35be99"
"a79150","d4cbe1"
"a7a6d3","6431c0"
"a7b5b9","1397ce"
"a7bf49","b73c2d"
"a7bf63","1397ce"
"a7c403","1397ce"
"a80295","1ffd9e,63c1d4,1397ce,8e95ac,ff7a41,942f4e"
"a82b8c","31cf23"
"a82ec9","d74c20,5b968a,eb943a,d58239,19591f,162e31"
"a83521","989325"
"a842e2","29fc6f"
"a87cac","5da04b"
"a8ae65","3c79b5,96513d"
"a8cd61","2995c0,668e81,5fe7af,826ba8"
"a8d360","0b8967,741a74,5e42b4,0b3b97"
"a8de08","6a9e01"
"a9241c","5b354d"
"a92d2a","0b22db"
"a94832","130ff3,929200,0dab75,07f610,f6e9d9,b1ea15,5e1fb4,c320d7,3827dd,68d0f1,130ff3,6d4c7f"
"a94ed5","4dd1c8"
"a95235","5bd1d2,edba28"
"a95550","a95550"
"a967ac","3133bb,1d0b61,63e364"
"a9b1b8","0e5428"
"a9b352","f78f88"
"a9b9c8","29f1a8,ea2447"
"a9d067","3a977e,35be99,20f10d"
"a9e5aa","e8586d,70b140"
"a9eb37","31cf23"
"a9f39c","01a673"
"a9f691","bf3c4c,3a3d8d,f1281c,ead5d6,f1281c,f1281c"
"a9fa83","07f610"
"aa1a70","c4ab10"
"aa2b2e","97f014"
"aa3444","822050,0098de"
"aa3616","1ac636,4a2f14,b98376,4a2f14,1397ce,d41a90,d10f40,b9083c,5b4ab2,4af287,4a2f14,31cf23"
"aa42f8","ad4541,fd5124,3ea6df"
"aa542a","c03b5f"
"aa6da8","05244d"
"aa8457","1397ce,a88bf6,07f610,b7ef17"
"aa8697","d63d60"
"aa8d46","c6583a,c04630"
"aab775","f1f525"
"aac99d","9a1aa3"
"aace8b","9fa887,69faa4"
"aad141","ff1892,f92f9c,318b4a,98d5ee,6d7049"
"aadeda","ed2cb1,bcabbb,ed2cb1,ed2cb1,f099ec,bcabbb"
"aae1fc","98f3dc,9fa887"
"aaecb8","07f610"
"aaefd4","011e53"
"aaf475","05137d"
"ab04bc","6c6cab"
"ab3223","590bfd,ff7a41"
"ab38b7","eb943a"
"ab4a70","85dc5a,2e35e0,31cf23,8fc42c"
"ab54ba","4d1880,b25a44"
"ab793f","35be99"
"ab821e","822050,2adb00"
"aba665","2fb5b3,573387"
"abaae1","b73c2d"
"abbf74","92628f"
"abe960","4f12d6,8e615f"
"abf8a0","5302ac"
"ac04b9","6c9bd9"
"ac2d4b","7b97f9,f5dff6,57ebc5,68741a,3bd007"
"ac30d5","07f610"
"ac4024","35be99"
"ac54d5","4eea1e"
"ac713f","ba4d52,ba4d52"
"ac744d","8529d7,df74f4,8a7287"
"ac768c","e8d7fa,e8d7fa,e8d7fa,e8d7fa,e8d7fa"
"ac960e","ac960e"
"acba4f","1da4aa"
"acbf04","ac7277,ac7277,ac7277"
"acd830","ff7a41"
"ace0eb","8fc42c"
"aceb9e","87ee43,73a193,ac90a1,6d4c7f,715ad4,ef3aef,1397ce,73a193"
"aced19","e9c837"
"acee3b","b6d6ae,6524ea,70ac41,1397ce,b3b57a"
"ad03f0","887f22,db5577,b3599d,2621f4"
"ad0990","31cf23,34badf,b3cdb3,6ee08b,1a5ffd,d781c7,e02d90,b3cdb3"
"ad1532","235ed4"
"ad219a","71eca8"
"ad2b7a","1f782f,0772cb,fefd57"
"ad4758","0604f7"
"ad4bd5","c78a9a"
"ad52ec","ea40b2"
"ad8c3f","5bd1d2"
"ad8df9","e8d7fa,e8d7fa,e8d7fa"
"adb713","a32a99,a86b93,cc3aff"
"adb994","cca483,ef1837,3deae4,323ed0,d81b86,5a2db6,83878c,494b3f,000dda,220921,02f409,d89f13,5c62b4"
"adbaf1","89e829,1ecd05,2e28ad,4ee5d1"
"adc6d9","8cbedc"
"add0f5","1d0934"
"ade8f7","3df029"
"ae2d1a","25aa88"
"ae3611","07f610"
"ae4419","312ee6"
"ae7314","a3f3e0,a3f3e0"
"ae79d8","c83c8d"
"ae7b6a","1f0443"
"ae7c84","31cf23"
"ae82bf","42d2be,91f5a3,68741a,31cf23,5bd1d2,6b9b06"
"ae8c64","a1c59c,adf3ae"
"aeaccc","76f36a"
"aeaff4","d3448d"
"aebbbc","07f610"
"aec486","e164dd"
"aed93e","97cc4f"
"aee7b8","ab9a41,07f610"
"af0f41","02867e,1a69bc,769ad8,07f610"
"af421c","cd468e"
"af44df","1a706b,1a706b"
"af5531","46b9ab,9e6cd7"
"afa315","b60d0e"
"afa570","ead5d6"
"afaacc","31cf23"
"afacb2","6a34bb"
"afd005","35be99"
"afeef7","c4ab10"
"b02507","5bd1d2,0aafb6"
"b0453a","8d4599,f89442,07f610"
"b07beb","e3dc6c,e9c198"
"b0809d","0e5428"
"b08c63","0ac6cd"
"b08ce1","62c428,62c428"
"b0904d","c1560f,de4a4d,de4a4d,de4a4d"
"b096c8","07f610"
"b09741","04b678"
"b0a3c8","ab8ee3"
"b0abf0","13a618,b61a84,6cf820"
"b0b1c0","43acad"
"b0bf89","545df5,07f610"
"b0ca61","93a04b,c83c8d"
"b0d3f5","5da04b"
"b0ebe8","97cc4f"
"b0ee46","92f243,e5a84a,ab9a41,ab9a41,5e7252,de0696"
"b10603","45798f"
"b10629","ba156d"
"b1245c","45df67,d8c104,d220ac,24f139,e3529b,c1646f,ebd2d0,ccf96c,e3529b,ebd2d0,c1646f,427595,e3529b,ebd2d0,c1646f"
"b124e6","5e1fb4"
"b1257d","4a0b0d"
"b13e4d","030963"
"b1647c","5bd1d2"
"b19262","c6b5fe"
"b1997d","5e1fb4,17f2bd,5e1fb4,e8885b,31cf23"
"b1a4e0","cb7a30"
"b1c7ce","776b81,7b97f9,1397ce"
"b1e101","1397ce"
"b1e465","f49c7c,374e88"
"b1f0b9","1397ce"
"b22263","5d3ebb,fefbb0,40c081,b89dbb"
"b222df","58e487,f1281c,62c428,f1281c"
"b251d2","40c9e6"
"b25a47","0d0d0c,0d0d0c,0d0d0c"
"b264bf","9dc31b,5a08fb"
"b265d4","268acb,268acb,22b1f1,865644,e1905e,f99c06,9a547e,990801,c7f8e5,94153a,c43963,842bd4,c5f539,559f25,559f25,559f25,559f25,559f25,2ba7f2,4cdbd8,72db53,72db53"
"b26a4c","5a0255"
"b27e6b","31cf23"
"b2876c","c87efc,0aab05,3a7fc1"
"b2b141","f1bd60,942f4e,b3cdb3,f1bd60,b3cdb3,ff7a41"
"b2bac4","ab9a41"
"b2c181","4f4b19"
"b2ff2a","c1438e"
"b30997","1cf59a"
"b33182","5e1fb4,cab0d6,9b8f31,9b8f31"
"b333fd","02ce86,02ce86,e76586,194743"
"b341d3","b85878"
"b347c9","dc5f6e,1033ac"
"b354d5","d85362"
"b361cb","08a112,c2d9a1"
"b370de","2d6ed0,9f2e77"
"b37638","6a34bb"
"b37a07","2eefb6"
"b399e8","2760c7"
"b3b42d","937336,937336,937336"
"b3bafe","3770d9,d16443,8621ff"
"b3f67a","d365ba"
"b4013b","c4ab10"
"b4059c","c1646f"
"b43ea9","6244ad,a40c0e"
"b44d68","fd509c,d4cbe1,a2ec78"
"b4582a","e358ef,0729bb,e8375d"
"b471d5","6775b3"
"b4846d","79e502"
"b4de41","611c4a,e9a5ff,b09f68,4b90d1,161904,4b90d1,161904,b3b57a,b3b57a,4b90d1,161904,8e6173"
"b502b9","ce15ca,9a680c,c7f8e5,990801,31cf23,07f610"
"b5071f","ead5d6"
"b523f6","6141b4,54b672,c3ed29"
"b5280a","31871f"
"b550dc","564258,1c6b57,35edba"
"b55cb3","07f610"
"b578dc","051de3"
"b58027","01e7f8,d4cbe1,01e7f8,35be99,655bee"
"b5c35f","c318a9,ef2538,c0047f"
"b6066e","c228bd"
"b60c6a","992e21,d7fe15,607f34,d7fe15,e6e5e8,d7fe15,9e3111,d7fe15"
"b625c1","e8375d"
"b63407","3025b4,3025b4"
"b63804","da59c3"
"b64eaf","b64eaf"
"b65714","ab9a41,b3b57a"
"b65dc8","b6cb57"
"b661e1","d4cbe1,1397ce"
"b67f28","931579"
"b6b738","6b0bf3"
"b6b8c0","31cf23"
"b6cade","5102ec"
"b6d6b9","aa6aef,aa6aef"
"b715e8","fd38e2,c4ab10,1397ce,b3b57a,fd38e2,31ce6c,706341,4ff7ea,04fbe4"
"b726e1","1f0443,312ee6"
"b73e99","68741a,f03d4c"
"b7558d","7b3a7a,8a9bf7,9294ba"
"b75f9b","8f3539"
"b781af","bf17e5,298247,d14ffd,be5409,5c92d9,84a6e2,113c1b"
"b79609","504967,504967,504967,504967,504967,504967,504967"
"b79730","31cf23"
"b7a781","07f610"
"b7ac5b","30ecc3,d50b9c,148838"
"b7af69","e9f20a,2ddc4a,c04f77"
"b7ba88","1e26f8"
"b7c041","1397ce,31cf23,e164dd,ff7a41"
"b7ce5f","c30b7b"
"b7e29f","35be99"
"b81a3e","d25554,f3ba65"
"b82ecd","07f610,07f610"
"b83191","a4c090"
"b89ce6","882b77,a3951f"
"b8a7f9","4e7b28"
"b8c0f5","15d13c"
"b8e2d6","ceb787,31cf23"
"b90a1c","6b946d"
"b90d6e","da0a9a"
"b9159c","8ffe88"
"b927f5","9b4e42"
"b96c96","f934c7,b20861"
"b96da7","611368"
"b974ce","1ce928"
"b98280","66ca4e"
"b9a7be","33c0b5"
"b9b1e2","31cf23,4a355b"
"b9bc23","b25a44"
"b9c91e","1c84cb,2b877b,1cf59a,3d5d37"
"b9d39f","fb14b7,66cb4a,e97fa6,001279"
"b9d452","b53753,cf2914"
"b9d785","1397ce"
"b9de03","fcfb08,07f610"
"b9f918","948cec"
"ba061a","fd38e2,fd38e2,fd38e2,fd38e2,fd38e2"
"ba0af9","a3e4e5"
"ba1dfb","0578d4"
"ba297b","65a895"
"ba29cf","b89431,6bae23,b89431,6bae23"
"ba4dac","e494cc"
"ba5536","1397ce,1397ce"
"ba5945","b1b507,865c0c"
"baab7d","07f610"
"bab786","89a39f"
"bacc7e","1cd5f4,8a7287"
"baff96","aec3c0,9e477f"
"bb1107","daaea7"
"bb11b7","58e487"
"bb1204","194e8e"
"bb4713","3eb90d,a93a46,8875c4"
"bb526b","34badf"
"bb53ac","5e1fb4"
"bb602c","9e33b1,6a5ef5,35190f,9e33b1,355f1f,9e33b1,9e33b1,2d71e3,f07777,2d71e3,619035,35190f,355f1f,35190f"
"bb893f","09154d,2643a4,a70f9e"
"bb8b97","c4ab10"
"bb90f4","b9083c,1397ce,0c1731,a0053c,c4a16d,1397ce,c4a16d,f0d56d"
"bbc38e","68741a"
"bbda30","285742"
"bc0c27","20ea9a,20ea9a,823015,562e9b,ae7bd2,abdf4f,6e9eba,4c798e"
"bc1878","a8165e"
"bc4c2c","d58239"
"bc99ca","d14ffd,7457e1"
"bc9f6c","07f610"
"bca7c4","6824f1"
"bcc5be","d8e084"
"bccd8e","20a588,ff7a41,e748f3,f240a4,b7ef17,900150,942f4e,5179b2"
"bce8e7","4af287,35be99,7be66d"
"bcf3e6","dfb5fd"
"bd0be4","3dbc9c"
"bd0c0a","35be99"
"bd3bcd","d9ff30"
"bd3e5d","68d0f1"
"bd50c7","c7584b,1d0b61,a37ad7"
"bd7690","07f610"
"bd7892","51a442,0007cc,b44101,35be99,35be99"
"bd9d38","07f610"
"bdb1ca","19b13a,74de77,d0d1c2,713fa6,77e245"
"bdc7fb","c9b030"
"bdd9cc","01a673,01a673"
"bddc9e","ac1d1c,5bd1d2"
"bdf92a","d0de9f"
"be0fb6","e9a16d"
"be2dee","03811b"
"be35d3","b739ba"
"be40e8","090264"
"be4326","74456c,ba3d7e"
"be51b7","73a193,7110dd"
"be69f7","162e31,997545"
"be8931","766a3a,54b86b"
"be95c3","2a6023,a3951f"
"be9889","31cf23,ff7a41"
"bea656","5e1fb4"
"beab88","6eb3e1,b7ef17"
"bef7ef","31cf23"
"bf1171","e693e7,bfac31,1122f9"
"bf1a7c","07f610"
"bf2500","31cf23"
"bf37b1","ab9a41"
"bf3c03","a0b818,1d0b61"
"bf3c4c","3a3d8d"
"bf481f","42eec5,002932"
"bf4a25","8cb8d9"
"bf4cbd","8890e3,1397ce"
"bf4cdc","d365ba"
"bf8a88","cf871f,8e1261"
"bf97d5","53d138"
"bfa7cc","248c7c,e50eb7"
"bfc9d4","20decd"
"bff791","620556"
"bffc69","a393a8"
"c0107e","a263a3"
"c010e3","353f42"
"c03683","b3599d"
"c03dcb","1397ce"
"c04093","386de5,d7fe15,e4b48f,d7fe15,1f52a7,d7fe15"
"c0535b","5e1fb4,e8885b"
"c055aa","31cf23,bc6d7b"
"c0778c","0aafb6"
"c0883c","4b7c38"
"c08a99","0e3ccf"
"c09e22","900150"
"c0acfb","0f2018,ac5c97,c1a90e,0f2018"
"c0c327","d0de9f"
"c0e2be","cc797e,c201fc"
"c0f2f6","6e116c"
"c0ff93","283bd7"
"c115e4","bcd9f1,163193"
"c12ce9","bc4b96"
"c14a08","1fc45b"
"c188d9","113c1b,b3d00c,b3d00c,c8f10a,69d6d3,d9fa38,2621f4"
"c18a38","dc54d4"
"c18d1f","07f610"
"c1af10","1397ce"
"c1b8ad","cad06a,59d124"
"c1bbf2","c36cef,d9fa38"
"c1c032","90de49,90de49,ef730d"
"c1cd4c","92fb49,35be99"
"c1d066","db39a4,31cf23,31cf23"
"c1d4df","6ca40b"
"c1d9e5","40d01d,e15cf7,31cf23"
"c1e027","9f6f09"
"c20806","d6179b,c6b5fe"
"c21bf2","bea8f7,0f7106,180bb3,180bb3,65c109,0ebc58,2a3474,98353f,4e8d48,546479,07fa42,20ccaf,101663,6a8bd1,101663,6a8bd1,326750,0f6566,0f6566,0f6566,0f6566,07d000,07d000,ea3245,72ca62,415290,4ff9fc,fec0bc"
"c2265b","f0b38a"
"c2452a","d77fdd,a3b0f3"
"c24e1b","20f10d"
"c24e65","3004b3"
"c25927","0c8c38"
"c2a3fc","ead5d6"
"c2ce63","ca40ff"
"c2d952","ff0eca,f1281c,c36cef"
"c2e57c","f60120"
"c2e84b","a0629f"
"c2f431","ff7a41"
"c318a9","b5c35f"
"c32c63","39d74c"
"c33390","cdb859,a3951f"
"c33fe8","26cae7"
"c3550f","0cc175,d028b0"
"c36555","2b95d1"
"c3a3dc","8e1e89"
"c3f3b1","35be99"
"c4295a","07f610,070b85"
"c43120","051de3"
"c448ac","c26eea,c26eea"
"c45c74","e5a84a,ab9a41"
"c45dc4","07f610"
"c4647a","4e8ef2,4e8ef2,18126e,18126e,fac2b7,d409a0,fac2b7,d409a0"
"c46da0","0c6220,b41ec4"
"c4820a","70c638"
"c482d1","c3cd57,a3951f"
"c4b22d","8f12e4"
"c4c507","77de0f,547eec,0300a9,c4ab10,353f42,7783a2,35be99"
"c4cae9","c1d084,f05851,a4be06"
"c4ee2e","cd0748"
"c51bf5","7b392e"
"c51d44","dd7ae6"
"c534c7","77c881"
"c5445a","b3b57a,cad06a"
"c54d60","d24a42,def976,01a001,f1bd60,31cf23,1c6b57,c7c316,6eb246,1c6b57,d4cbe1"
"c5519b","31cf23"
"c55936","1d0b61,e47422,1df98e,1df98e,1df98e,5d21b4,3f2e76,6c5868,6c5868,64e15a,af4abb"
"c59ab8","07f610"
"c5a86d","76d353"
"c5c3a0","22c15b"
"c5c42b","22a592"
"c5ef6f","fd6128"
"c5f0df","3e483e,80e206,80e206,3e483e,26a384,d590d2,782664,80e206,113c1b,d923b9,aa7149,9beeb9,35be99"
"c60240","e31838"
"c622d0","8a7287,8a7287"
"c62bb0","d9c032"
"c637a3","1397ce"
"c64df2","73a193,7110dd"
"c653dc","6ea9dc"
"c654ed","31cf23,31cf23"
"c66cf8","b3b57a,c0047f,1397ce,1397ce,4abe7e,1397ce,4abe7e"
"c67c13","ff7a41"
"c67cfc","5da04b"
"c68e99","d58239"
"c6bbf2","1397ce,d58239"
"c6d411","d434bc"
"c6f7c5","74f38d,b4e085,74f38d,b4e085"
"c6f8c4","68741a,69d6d3,68741a,69d6d3,68741a,69d6d3"
"c6ff1b","844eb6,940fcd,59cfe0,4bbe63,0caa55,9beeb9"
"c700e3","1397ce,655bee,0429d0"
"c728cd","760b40"
"c745ed","c22353"
"c74b28","e5a84a,31cf23,e5a84a,31cf23"
"c7549b","b73c2d,4ff9fc"
"c77b67","a88533"
"c78ba8","8e615f"
"c79de3","900150,533c5b"
"c79efa","e02d90,c7c316,1397ce"
"c7c259","fd35d7,1941fd,1941fd,f2b0f4,ed2cb1,1941fd,1941fd"
"c7c529","3e0576"
"c7db5e","312ee6"
"c80602","eae87f"
"c809c7","38fed7,73a193,1b1e15,68d0f1,fe0863"
"c835ac","4a355b"
"c83ac9","92628f"
"c84e4f","1397ce"
"c85f00","81b6eb"
"c860db","b326b5"
"c8686a","0af149"
"c86b82","68741a"
"c8de57","ff7a41,ff7a41,ff7a41"
"c8eb91","6f104e,2972b0,171e54,07f610,5b1e19,07f610,d1a0f3,07f610,799a38,07f610,47a58c,07f610,714643,dc54d4"
"c8f0c2","01fd0a,e7fd92,b58f86,5ca10b,a28537,6ac60e,d885ac,757b61,fbf498,d28f83,81e185,c15002,a28537,14275e"
"c8f9e2","08a57c"
"c8faa6","d90b2c,a94f83"
"c938a3","1b666b,0565b6"
"c9527a","d79702"
"c960c0","31cf23,c0b70b,728347"
"c98e9c","e34199,4bc2e6,9443be"
"c9a4f9","5da04b"
"c9b094","75c2af,4de64d"
"c9ca6f","3b5a18,5f341f,f0b38a,be2c2e,97cc4f,715ad4,07f610"
"c9d5b6","66ca4e,2621f4"
"c9d699","b73c2d"
"c9e0b1","f78f88"
"c9ff2a","8e113c,900150,11d6ff,8e113c,900150,11d6ff,8e113c,900150,11d6ff,8e113c,900150,11d6ff,8e113c,900150,11d6ff,8e113c,900150,11d6ff,8e113c,900150,11d6ff"
"ca3c23","2f32d2"
"ca43c6","f8517f,ea9d39,0426d7"
"ca43d2","5da04b"
"ca512a","cedde6"
"ca575c","8df603,7ca7d6,4ff9fc,35be99,f7dc82,652616,291ca0,4ff9fc,35be99,f7dc82,652616,291ca0,1397ce,2d543c,fd38e2,f7dc82,f52f64,7ca7d6,85df40,dd5f6d,7ca7d6,88e015,f7dc82"
"ca9f97","584826"
"cb1b78","b1b9a9"
"cb231e","4b258f,093ec7"
"cb2b98","ff7a41"
"cb4d30","9174ba"
"cb6a3c","7fb559,ab9a41"
"cb8624","07f610,3e8714"
"cb90fc","ab318e,1397ce"
"cba956","803411,11c2b1,a7a189"
"cbcc17","01e31a"
"cbde7e","312c9b"
"cc00fc","ead5d6,5e1fb4,ff7a41,ead5d6,5e1fb4,ff7a41"
"cc27f7","e5a84a,e5a84a"
"cc3cc2","9071f3,220775,ff7a41,220775,ff7a41"
"cc4639","b8ab2b"
"cc630e","e75e5a,c52390,1cf59a"
"cc7af6","31cf23"
"cc91d7","312e2d,c66fe2"
"cc9a7b","616c3e"
"cc9c88","f811ff,f811ff,f811ff"
"cc9d04","b1059e"
"ccab5f","09eba5,eb943a"
"ccba5d","817bf3,817bf3"
"ccc646","d4cbe1,07f610"
"ccc6b4","ebd2d0,35be99"
"cd15ac","4abe7e"
"cd2bae","1cf59a,3d5d37,1cf59a,3d5d37"
"cd32be","3f5695"
"cd769d","50ebaa"
"cd7ab7","9a5ac0"
"cd7bc8","7cefb6,d85362"
"cd8f1f","018329,09154d,f1281c"
"cda48a","80cd3c,668e81"
"cdcd85","19b743"
"ce0bb8","07f610,0907f7"
"ce191e","9d7538,9d7538,9d7538,9d7538,9d7538,9d7538,9d7538,9d7538,9d7538,9d7538,9d7538,9d7538,9d7538"
"ce25e4","38e48b,ab0eb1"
"ce88f7","aa7149"
"ce9a94","8b3246,e9b8bc"
"ceb03e","31cf23"
"ced1ad","31cf23"
"ced739","61deb2"
"cef555","2d95f6"
"cf0261","bd2591,a536db"
"cf3532","e54166"
"cf37fd","d4cbe1,ebd2d0,35be99,5bd1d2"
"cf3b64","7d92f8"
"cf4bd0","31cf23"
"cf550c","9d7d0f"
"cf5cd9","27e9a4,942f4e"
"cf685b","8aba76"
"cf6c19","051a99,da41bc,e9b8bc"
"cf8485","900150"
"cf871f","8cbedc"
"cf8867","e748f3,07f610"
"cfa358","c6b5fe"
"cfa5f1","bcd9f1"
"cfd768","344b89,4c1a4c"
"cff6d0","4028e5"
"cff839","f6c390,26c574"
"cffa5c","ee4f1a,1397ce,c6b5fe,07f610"
"d00a30","543b3f,543b3f"
"d00cd3","1d0b61,c867aa,7c2098,f6e9d9"
"d018a9","98a2fa,9df187,b15d47,4eea1e,5bd1d2,29fc6f,98a2fa"
"d02d6e","9f8d75"
"d056d8","e86daf,97f819,d6a55e"
"d0596d","2cf7ea,0098de"
"d05c9e","163193"
"d06933","b244f0"
"d09581","ed88e7,542a0f,5e1fb4"
"d0a091","b32fd4,9baaec"
"d0a63b","05244d"
"d0ad27","a84721,5a2706"
"d0b742","ccbfbd,387918"
"d0d0fa","31cf23"
"d0d1c2","a460c8,1d0b61,a460c8,1d0b61,f2ef24,724d6a,002e1a,cc2959,942c77"
"d0f1c7","8652bd"
"d12494","73bd59"
"d13a85","c26a64,353f42,c26a64,353f42"
"d15079","7fb559,ab9a41"
"d15462","616c3e,b670fd"
"d1574f","ce86d7"
"d1a9b8","635738,1486b1"
"d1adf2","e061f0,62fdd1,31cf23,31cf23"
"d1c967","0d8fac"
"d1e4a2","d365ba,d365ba"
"d1f0e0","4ff9fc"
"d22d24","63a1fa,d4cbe1"
"d243e0","d63484,1dcdb3,dc7e07,b3599d"
"d24d3b","5bd1d2,4b0de3,cd7dcd,73a193,891565,31acd0,0aafb6,5bd1d2,5bd1d2,5bd1d2,0aafb6,5bd1d2,891565,31acd0,0aafb6,5bd1d2,4b0de3,cd7dcd,73a193,0aafb6,07f610,0aafb6,07f610,0aafb6,07f610,0aafb6,0aafb6,5bd1d2,5bd1d2,4b0de3,cd7dcd,73a193,0ce4c4"
"d25962","d798b9"
"d25e1d","546192,15ee58,57ceb1"
"d2677f","6ada0b"
"d26e7a","edfbb7"
"d27a88","2f53ae"
"d28f06","a1e06d,de4a4d,de4a4d"
"d2a0be","b76b56"
"d2ba44","5f215b,0ddb81"
"d2c319","4d0284,d4cbe1,1397ce,dfe9d5"
"d2c3a1","56d50a"
"d2fa0b","83878c,220921,02f409,d89f13"
"d300a1","9beeb9,e48815"
"d30a44","b670fd"
"d3289c","73a193,4b0de3"
"d34a96","39bc47"
"d3967b","cd590d"
"d396eb","07f610"
"d39929","578b73"
"d3bac4","31cf23,31cf23"
"d3cd5f","1397ce"
"d3d896","17ca8d,0e209a"
"d3dba2","53b66b,659de4"
"d3fc05","69d6d3,69d6d3"
"d40b7d","377b18"
"d425fd","d58239"
"d42ad7","2f4dad"
"d42e18","205459"
"d43837","ac229f"
"d43a05","137c2e"
"d43b7a","ec3f30,77876c"
"d444c3","341f07"
"d453f0","4f8fb2"
"d46f0a","62693b,b9287f,ab72f2,a7fcbe"
"d4aff0","3e1202,ff7a41"
"d4e8f5","4a831d,021a3f"
"d51b4f","a8dcd6,fc9aa0,68ce56"
"d52511","bb87af,b326b5,95673f"
"d53da4","e5a84a"
"d58ee5","8b8960"
"d59527","d365ba"
"d59b76","d5742b"
"d5a6bf","fb6f2a"
"d61007","1397ce"
"d61278","9de705,bf90fc,f1dc6d,f1dc6d,73f69d,73f69d,bf90fc,9de705,bf90fc,f1dc6d,548d1e,548d1e"
"d629ae","5e956d"
"d64958","c83c8d"
"d64ef8","fb6d33"
"d64fe9","1d3ed4,a3951f"
"d652b4","e1f8ef,6d29ee"
"d6768f","6dbb89"
"d69c35","c2ebce"
"d6a319","13deae,02f328,d4cbe1,1397ce"
"d6dbfe","fcc494"
"d6f0e8","d65e8d"
"d6f892","1397ce,d58239,ff7a41"
"d72267","9c6aa7"
"d7257d","aec332"
"d743d3","a70c11,96e82d,060f8e"
"d7634e","884a3b,de2c13,de2c13,0d3676,c7f8e5,63f972,35be99,6fc491,0219d4,e577bd,ae4d87,d3e082,0e9ecc,1c6713,d1e142,9e315b,f7c97c,01d0ce,e577bd,8f77f5,d1e142,0219d4,925b6f,e17345,d1e142,b8a9f7,ae4d87,d3e082,4f5cf2,0219d4,8074ae,0219d4,6b4c60,b8a9f7"
"d76d22","7ca7d6"
"d78e23","f0b38a"
"d78e87","7add9e,e164dd,668e81"
"d799c7","1397ce"
"d79dff","5f4f3c"
"d7a19c","80e6cc,a9dfbc,468fe5,31cf23,ee4f1a"
"d7bb46","01a673,01a673"
"d7c922","92eb5f,6bba40,2bc3d5,363887"
"d7ec6d","def976"
"d7fe15","cd9e56,d7fe15,4ac77b,d7fe15,6931ed,d7fe15,3793a3,d7fe15,511f1f,d7fe15,f1ad34,d7fe15,bfefb3,d7fe15,0a22f2,d7fe15,517ca6,d7fe15,6be3d5,d7fe15,833985,d7fe15,5208ec,d7fe15,28f0e3,d7fe15,18fbd3,d7fe15,c724a5,d7fe15"
"d81953","d06e65"
"d82c9b","039c3e,a51b12,004b4c,a51b12,039c3e,31cf23"
"d83c34","ed377a,aa0ae7"
"d84337","0d4816,0d4816"
"d86009","31cf23"
"d868b1","c76905,143422,ce88f7,7b04e0,2b3eab,24dde8,1e6dcd,3eaef1,6c5ce8,3eaef1,c606aa,d216d5,4da8f1,6c5ce8,5c04b8,fd8fd6"
"d89368","5bd1d2,62a807"
"d8ca3f","e0cfbc,e8e520,1397ce"
"d8d54f","6f4748,68e370,018448"
"d8de7a","d8de7a"
"d8e5f5","7affa0,f7dbc8"
"d8f570","14acb1"
"d904c9","e076a4"
"d914af","8197d5"
"d931d6","a1ceb7"
"d93940","825bc3"
"d94289","c9eaea,7e0d7f"
"d95516","ddd734"
"d96e20","9e0c07,a0df93"
"d9a3ae","a04eab,b2d455"
"d9b14a","ead5d6"
"d9efbe","0c1731,b3cdb3,e164dd,5ce6d0,118e09,b1f121"
"d9f75d","ab66c4"
"da0b1b","e1c009"
"da2f5b","7b8757,7b8757"
"da435a","826ba8"
"da43f2","0aafb6,07f610"
"da4569","46891e"
"da8969","d58239,f1281c"
"dab6b2","40e003"
"dadad2","11c2b1,ac6083"
"dae1e0","5cf02f"
"dae475","02a03e,dfcb8a,b73c2d,af89f9,1c88ff,91a8cf,91f5a3,611368,d365ba,611368,c6f144"
"dae537","1397ce"
"daf2c2","d21c6e,062750"
"dafb34","07f610"
"db2ab3","28ae90"
"db2fa8","3e50c0"
"db3d53","9c2d05"
"db525f","6b946d"
"db5975","6a4686,dcb40b"
"db731c","8a7287"
"db7641","9e0843,9beeb9"
"db86bc","c1ad51"
"dbcd03","e308c7,1ea2db"
"dbd889","07f610,1586d4"
"dbf581","8ff1b4"
"dc0e09","b6e5f3,e73fe9"
"dc4dcb","8cbedc"
"dc60cc","ca40ff"
"dc62de","88f179,283bd7"
"dc69f4","d58239"
"dc7162","154c7b"
"dc71b9","d93130"
"dc728b","47271e"
"dc8e95","9ff334,87c6b5"
"dcdd6d","1397ce"
"dcdd94","2a8c0a,11c2b1"
"dce50f","ead5d6"
"dce83d","a8c12f"
"dcf042","07f610"
"dcf04f","de4a4d"
"dd16c3","9cdbf8,35bed4,652616,cf2c8d,5cf9e3"
"dd4fa7","07f610"
"dd55a0","dac769"
"dd6239","64e15a"
"dd766b","75b44e,498b7b"
"dd9209","07f610"
"dd95b9","617d42"
"dd98e6","9b1ea3,1397ce"
"dda434","019ea2"
"dddc3d","31cf23"
"de0828","2d0019"
"de3457","31cf23"
"de3cf5","6eb246,c0047f,471125,199947,15230e,c0047f,9d6a4c,58748a,90f245"
"de5a84","28200c,d94c88,45bca5,f09f99"
"de5dbb","5da04b"
"de78e6","029a27,dbbfdb,2812a0,eb459f,eb459f,52739c,206d95,01e31a,e8e520,58e487"
"dea70b","14d8d5,101c6b,14d8d5,14d8d5"
"dea811","4ff9fc,db8834,4ff7ea,305646,fc0f3f"
"dec55d","46dbe9"
"dec5c2","e8885b"
"ded2f2","ff7a41"
"dee7eb","ed949b"
"def7e6","07f610"
"df1fff","616c3e,b670fd"
"df3298","c83c8d"
"df33c5","57b406"
"df37ce","07f610,31cf23"
"df43fe","0d57b7"
"df48c8","c6998b"
"df4c1c","07f610"
"df6365","1ef19d"
"df63b8","a81d24,b3599d,8a7287,66a608"
"df876c","8f38c0,697ad3,7c5a5b"
"df9c2c","31cf23"
"df9ef6","7ff135"
"dfa871","b4e79d"
"dfaf03","7f5c97,dfaf03,7f5c97,dfaf03,7f5c97,dfaf03"
"dfbd7e","dc0214,f6a469,f144d9"
"dfc600","7e1221,1397ce"
"dfd789","c0047f"
"dfe4ff","616c3e,64e15a,d50a83"
"e00120","35be99"
"e00454","ff7a41"
"e0286e","923b87,83f470,5bd1d2"
"e05a94","0eaa3d,1c6b57,546486"
"e06603","b4e79d,c31df7"
"e078bb","c8c1a5,090264,c7c316"
"e07c8d","ccaf4d"
"e090f5","07f610"
"e0b2c9","8cbedc"
"e0b66e","31cf23,1397ce,1ac91e"
"e0b838","c975ab"
"e0bd75","dcc0a6,10f1d5"
"e0c5fc","8e615f,1e8a09"
"e0caa4","84a6e2"
"e0e539","07f610"
"e0ec29","db5af7,ec3b0a,ec3b0a,e73fe9,1397ce,e73fe9,1397ce,e73fe9,31cf23"
"e0ff73","18465a,18465a"
"e1058a","6f37f4,706763"
"e122d8","1441dd,997b29,b3ddc1"
"e13406","1cf59a"
"e14a31","c0115e,0d283e,5c553a,73484f,95cc64,c8fbc4"
"e175eb","1e26f8"
"e176db","68d0f1,774537"
"e1a01b","31cf23"
"e1a205","0253c4"
"e1c261","c7c316,c7c316"
"e1c6d2","ac6b00"
"e1d058","07f610"
"e1dcc1","093ec7"
"e1e552","5e3521,5e3521"
"e1ef05","88eaac"
"e1f99d","9f8d75"
"e208cf","f182bf"
"e20b33","ae54a5,35be99"
"e22eb1","07f610"
"e2352d","f1281c,4d15c3,a84721,4a00b0,442c05,4d15c3,636509,eeee08,946542,61d293"
"e24a8d","40b7c6"
"e24b88","e927c0"
"e2652e","11c2b1"
"e29a36","18deb0"
"e29bbc","e11fd5"
"e2d189","a025b1,a3717a,f13594,840415,b1856a"
"e2f9b5","fee7fd,16b422,3c8067,302ef5"
"e33498","2b5001"
"e336a1","b7ef17"
"e33f5d","88f179"
"e35991","e35991"
"e36981","88f179,093805"
"e387c0","07f610"
"e39061","a8c12f"
"e392b8","31cf23"
"e39529","8aba76,ff1a59,9c6aa7,b27cef"
"e3f1ed","353f42"
"e3fd78","de4a4d"
"e41c68","3f099a"
"e42fa2","31cf23,db64f8"
"e43198","07f610"
"e45046","9d84f0,46515b"
"e461ed","1a5ffd"
"e4680a","5da04b"
"e4714e","1129ae"
"e49d52","fe546f"
"e4beb8","387918"
"e4d38c","ede506,5761e1,a8c02e"
"e4d847","dc9d83,186e24,1397ce,0d43e5,e748f3,07f610"
"e4f60a","d6a1ef"
"e506dd","50890e"
"e53201","5bd1d2"
"e5330b","1397ce"
"e53385","01a673"
"e53820","31cf23"
"e545e1","7c7569,07f610,1397ce,d58239,07f610,1397ce,d58239,3cd15f,3cd15f,07f610,1397ce,d58239"
"e5729f","0aafb6"
"e583bc","34badf,0cf6bc,4a355b,367d55"
"e5bf34","6a8d3d,17cd4a,518fe8,16bf47,e7555f,5a25cf,e1b851,e8c747,1176e8,aed8e7,a7dc08,f38b6a,0075c6,8a5707,b97507,dfd15e,c8e779,fe5a6c"
"e5c60d","9a680c,c7f8e5,990801"
"e5ce62","eb943a"
"e5e0c2","3dba3b"
"e60341","7804c8,c1b6cf,67da3e,e44c01,789116,e71626,675ee9,fb6ad0,ab86a1,4e707c,0426d7,7cf018,d40386,76b799,f24599,8ee190,454a4d"
"e6081a","f116ac"
"e61cfc","6a2139"
"e63eb8","e7d707,56a525"
"e64559","07f610"
"e64c37","871898,102a6e"
"e67761","2c1743,680e89,76f3cd"
"e68ffb","f530e5,d94c88,9989c4"
"e694dc","056ae2"
"e6b982","072618,24ec1e"
"e6c360","88f179,88eaac"
"e6ea29","822050"
"e6f286","a41dfa,177a28,5bd1d2,e9758b,0aafb6"
"e71e74","9beeb9"
"e73ddb","b53753"
"e75b43","5da04b"
"e763aa","d7b4db,1d0b61"
"e76bc9","bb8c82,bac17a,9dc72a"
"e776ae","e9758b,b1df85"
"e783bc","5e1fb4"
"e78f59","333505,cda7da"
"e7d432","abed4e,1aab2c"
"e7e49e","18126e"
"e7ea11","db6dba"
"e80010","8cbedc"
"e825c9","31cf23,31cf23"
"e82e2f","ab9a41,07f610"
"e833ec","8267bf,e11c14,fbf498,04ed5e,8ee68e,04ed5e,312ee6,41746d,a3326c,fe8714,d6179b,8ee68e,8b77b8,344b70,0c1766,04ed5e,8ee68e,e11c14,e11c14,f8d079,8b0b8f,8ff2b2,fbf498,d6179b,3ab9b1,c43b9e,8f308c,a88bf6,2a733f,636953,8cbedc,fbf498,373a77,16edf5,b8a7f9,8ff2b2,8ff2b2,fbf498,7380f9,fbf498,fbf498,7380f9"
"e856fd","5bd1d2,ff7a41,715ad4,f0b38a,5e1fb4,942f4e"
"e8657b","1397ce"
"e86604","8197d5,b15d47,e528b2,8430ed,b94705,07f610,b7ef17"
"e88ba6","6b34fe,908c97"
"e898f1","4c798e"
"e89c8d","402272"
"e89fa6","e95ae5"
"e8c66a","31cf23"
"e8d30d","5da04b"
"e8ebf1","d58239,0fdae5,fb0dc1,d93130,bf4cb4"
"e8edce","f1d246"
"e8ff34","188310"
"e92709","d9ede4,07f610"
"e929f6","150659"
"e938af","0c43e2,0c43e2"
"e958eb","e958eb"
"e96bcf","31cf23,31cf23"
"e98df3","ca8bff,3d6362"
"e99030","b32d66,dd5a11,bcfdcf"
"e997a5","31cf23"
"e99cda","d365ba"
"e9a782","e7940d,bc423b"
"e9c61a","068b67,9a978c,85bf82,1a133f"
"e9c7f7","31cf23,1397ce"
"e9cc9f","1a0491"
"e9d57a","49f493,9beeb9"
"e9d666","c4ab10,c4ab10"
"e9d68a","c0047f"
"e9d99e","072618,072618"
"e9dade","1d426a"
"e9ea7c","ff7a41,ad6586,ca66bf,9eee8d"
"e9eed9","5e1fb4,7b2c67"
"ea0b79","f8fde4"
"ea2420","1789af,1397ce"
"ea4003","5da04b"
"ea6074","ed8d7f,3a984f"
"ea6559","2756b7,a9ae3f,2756b7,a9ae3f"
"ea70b5","1397ce"
"ea7aa4","07f610"
"ea7f03","a84721,442c05,4a00b0,e926b0,6097d8,a84721,4a00b0,9bce10,c90464,f2a8b0,f1281c"
"ea83ef","c7c78e"
"ea95d6","30b996"
"ea9c14","07f610"
"ead2e1","1397ce"
"eae224","a95a40"
"eaec98","9beeb9"
"eaf598","f0b38a,d1b3aa,1da4aa,c2300b,1da4aa,5e1fb4,5e1fb4,353f42,5e1fb4,353f42,5e1fb4,353f42,5e1fb4,e8885b,5e1fb4,5e1fb4,5e1fb4,b4e79d,31cf23,faa745,090264,090264,dd2eb1,5e1fb4"
"eb03ca","68741a"
"eb0978","73a193,4b0de3"
"eb3e86","655a30,855d92"
"eb4f0e","0abf1b"
"eb51b9","18465a"
"eb5683","03f753"
"eb57cb","ff7a41,942f4e,ff7a41,29c028"
"eb58cc","ead5d6,c83c8d"
"eb5a31","89c08d,3b837b,230c5c"
"eb6237","353f42,353f42"
"eb75c2","371e75,d4a18d"
"eb840b","c1646f"
"eba8b9","ff7a41,ff7a41"
"ebb064","79af47,8e615f,334bfa,79af47,8e615f"
"ebbb55","fccc5f,cba89f,fccc5f"
"ebd6bf","3fe741,a3951f"
"ebec88","40b7c6"
"ec013d","0cc10e,4c1a4c,a09ed6,4c1a4c,a09c20,61324e,f60bf9,209376,2643a4,209376,2643a4,f60bf9"
"ec4b01","616c3e,9427c6"
"ec4e10","fc17cc,177a28"
"ec67fa","3d06d2,f51ad2"
"ec6f1d","07f610"
"ec7455","6f24d1,a2c2de,a869c6,bad32a"
"ec90e6","d63d60,86a82f"
"eca3ee","093805"
"ecbe75","31cf23"
"ece12e","522ac9,51445f"
"ece52e","9afa91,acb7db,3f66db,ddd7b6,9afa91"
"ed1bfc","4e42f7,1c138f,db5af7,4b87c0,b14e2e,31cf23,20d898,7daace,31cf23,7daace,31cf23,7daace,31cf23,7daace,31cf23,4609ae,4609ae,4609ae,0f4319,84a6e2,ce7824,0f4319,84a6e2,0f4319,84a6e2,0f4319,84a6e2,73a193,e73fe9,c1b4c5,73a193,84a6e2,84a6e2,84a6e2,e73fe9,68d0f1,84a6e2,8e3e63,31cf23"
"ed2c71","73a193,4b0de3"
"ed3162","b53038"
"ed4196","7efe62"
"ed50a5","5bd1d2"
"ed6af7","e9e236,ebd2d0"
"ed6cb5","18465a"
"ed6e30","5da04b"
"ed8659","e748f3"
"ed8d7f","18465a"
"ed95a5","ff7a41,ff7a41"
"ed965f","9afa91,0c8c38,ebb1a2,3f66db"
"edb0b5","1397ce,d58239,18465a,18465a,900150,8e113c,ff7a41,942f4e,11d6ff,29fc6f,668e81,0e5428,62c428,5da04b"
"edb347","57a821"
"edbc24","094eaa"
"edd0df","e5a84a,79e03e"
"edd285","daaea7,daaea7"
"ee26c6","22a592"
"ee2d18","f530e5,d94c88,9989c4"
"ee5052","43c05e"
"ee6e94","0edfeb,ff7a41"
"ee7f58","30a736,6f10ae,6f10ae,5bd1d2"
"ee8c9d","3ac833,1397ce,613f6d,74456c,1397ce,e0ae22,1397ce,613f6d,74456c,e0ae22,8e95ac,31cf23"
"ee90d1","02934f"
"eea33f","1397ce"
"eea3ba","73a193,4b0de3"
"eeae6f","68741a"
"ef292a","f816fc,2f44d3,1e66b6,a88bf6,b7ef17"
"ef5d45","a5b555"
"ef6d9f","4ab191,b7ef17,56494f,b7ef17,b7ef17"
"ef7b0f","1397ce,31cf23,b670fd"
"ef7b3a","cad06a,35be99,c4ab10"
"ef8148","b00dcd,b00dcd,b00dcd,b00dcd,b00dcd,b00dcd,b00dcd,b00dcd"
"ef9ddf","97d7eb,865886"
"efa605","ac9579"
"efa9da","545df5,c21614,8b6bd2"
"efaa48","e748f3"
"efcfb1","611368"
"efd869","31cf23,c472ba"
"efd89f","56d50a"
"f00030","ab0eb1,1cf59a,487b18,5da04b"
"f0127a","07f610,b7ef17,5749d6,61b38f,5d9e69,5749d6,61b38f,5d9e69,5749d6,61b38f,5d9e69,5749d6,61b38f,5d9e69,5749d6,61b38f,5d9e69"
"f01f78","12a032,4abe7e"
"f02236","0014e0,6824f1,fa6228,0014e0"
"f02c85","0c1731,84a6e2"
"f055c1","ab5740"
"f078c8","11c2b1"
"f07d73","090264,9443da"
"f08c74","602f87,602f87,602f87,35be99,602f87"
"f099f4","006da2"
"f0a4c9","647692,7746e0"
"f0ad22","19ed2d"
"f0b46f","0c1731,ff7a41,5e1fb4,4c798e,31cf23,d87609,e7b7e7"
"f0b66f","b63ee3,9b306a"
"f0b804","07f610,07f610"
"f0d694","07f610"
"f0d7f6","587823"
"f10dc0","ef7b71,dc54d4"
"f110fa","07f610"
"f11d68","27dacb,27dacb"
"f12c2d","73bd59"
"f1686a","6bdaa9"
"f17aad","113c1b"
"f17afa","07f610"
"f1817f","07f610"
"f19f6c","aa8164,0f6ca5"
"f1b6cd","88f179"
"f1bf71","de4a4d,787a03,66918b"
"f1d6e1","01a673,ec86ef,4e021b,57585a"
"f1db1f","bbfa01,140848,f9844c,7fb559,ab9a41,e748f3,ab9a41,e748f3,ab9a41,ab9a41,2a2bec,5e7252,9f2e77,70b295,dfc45a,a6b91d,2ffe4e,a837b8,7fb559,e5a84a,41b86b,4b8b12,7fb559,ab9a41,7fb559,ab9a41,7fb559,ab9a41,7fb559,ab9a41,e748f3,a6b91d,ab9a41,1976eb,0f7765,727d90,e5a84a,ab9a41,3450be,d66a2a,5d53eb,a39183,475123,ab9a41,5d53eb,ab9a41,ab9a41,ab9a41,0401cd,5e7252,e5a84a"
"f1deaf","54badb"
"f1e820","31cf23"
"f206c7","e51cbb"
"f21438","601140"
"f227fe","07f610"
"f23567","4a560b"
"f2496c","d968e1"
"f2552e","021a3f"
"f2722b","31cf23"
"f28629","29bc3a,deadba"
"f29a67","71c739,35be99"
"f2a40a","1aae72,02867e,1a69bc,769ad8,07f610"
"f2a744","353f42"
"f2a9ca","602f87,34f699,a474d4,415e82,6ecf8a,602f87"
"f2afcc","6d6589"
"f2bd73","e923ba,4d81f1"
"f2cd90","f13e7a"
"f2d1da","9e5239,d7fe15,926a94,d7fe15,05bd9f,d7fe15,21dfec,d7fe15"
"f2d7f4","8ae3b9,757fc3"
"f2e374","4a831d"
"f2f38d","602f87,3d2cf7,dd109f,69d6d3"
"f3068a","74d641,1397ce,74d641,1397ce"
"f30a0a","125045"
"f329db","07f610"
"f32f0f","c6b5fe,c83c8d"
"f35ab1","a82533"
"f35fb0","e59536"
"f39171","55cad8,8b799c"
"f3a713","dc54d4"
"f3c750","07f610"
"f3dfa9","ead5d6,ead5d6"
"f3e35c","88f179,408eda,408eda"
"f3e8f4","7fdef8"
"f3fd31","d26080,58d7fb,b670fd,2e4c3c,06f226,07f610,6cb1cb,4d493f,fe8714"
"f4000b","ef160d"
"f4084f","13365d"
"f4175b","65ecc2,65ecc2,8d783d,24dde8,4b2095"
"f41ce0","f3f0af"
"f428aa","31cf23,40e7fc"
"f42b09","69faa4,8374de"
"f44e3d","07f610"
"f45c9c","c0b70b"
"f45ed5","01e31a,11d6ff"
"f48152","f8cf2e,4f6bcf,f8cf2e,f2969b,f8cf2e,d194e9,f8cf2e,b4688a,f8cf2e,b53038,f8cf2e,c9747f,f8cf2e,6e14d4,f8cf2e"
"f4958d","c9b030"
"f4b57e","2f6b3c,c553ee,fd082e"
"f4f457","1397ce"
"f51087","ac81d8"
"f51396","92cc9e,d36ead"
"f5385b","7c8d3b,8ece64"
"f53deb","8ff00f"
"f55ce2","467440"
"f56638","8a7287"
"f5754d","0c1731,ff7a41"
"f58a0d","9d38c5"
"f58a8a","faa035,b73c2d,c92bd4,b73c2d,35c2d5,b73c2d,d4ddfc,b73c2d,c70723,17ef1d,b73c2d,4ec82c,b73c2d,8afc86,b73c2d"
"f5ae16","4a355b"
"f5b690","35be99"
"f5bb4b","dcea67,043f4c,d8979a,bcabf8,1db413,291653,d5b356,819d05,854236,0a8b8c,5ef3c7,ca39e0,88110d,4d5917,eb9783,567125,c02625,94c4d8,8b642a,eb1b59,4f704c,eb194d,c74f86,ea98c9,514e81,1dab05,de78e6,d18631,1fa13c,85c5fe"
"f5c4cd","dbabb9"
"f5da79","8d0c65"
"f5e24e","0d370d"
"f5f1a7","a82533"
"f610c9","7a1b3e"
"f64038","d781c7"
"f66020","07f610,1397ce,d58239,3cd15f,07f610,1397ce,d58239,3cd15f,07f610,1397ce,4a2f14,3cd15f"
"f6603f","1397ce,075a3e"
"f6623b","63a1fa"
"f662d2","d96446,d96446,d96446"
"f66378","35be99"
"f66bfb","07f610"
"f6938a","07f610"
"f69de2","26c574,db5af7"
"f6a61b","39b80a"
"f6a8f8","daeab0,62c428"
"f6aae4","021264"
"f6bd8d","2852f6"
"f6bfe6","1397ce"
"f6c13a","5df007,ff7a41"
"f6cdd1","cb72ed"
"f6d402","31cf23"
"f6e3b7","31cf23"
"f7190c","c8ae17,465195"
"f725f8","94e059,74a525"
"f72dcf","f1281c,35be99,2d0f9c,07f610,f1281c,80ca06,f1281c"
"f737c3","29fc6f"
"f73ce3","cb47b9,a33008,5bd1d2,35be99"
"f75824","a96c31,933943,942f4e,ff7a41,5e1fb4,dfed80,62c428"
"f78696","7f5c97,dfaf03,7f5c97,dfaf03,7f5c97,dfaf03,7f5c97,dfaf03"
"f78a0d","faa3e4"
"f79eb0","c11157"
"f7a357","b6e5f3,ee5052"
"f7c899","3260b0,890844,d99c9d,3260b0,890844,d99c9d"
"f7cbd5","e748f3"
"f7d9e7","e02d90,942f4e,ff7a41,942f4e,ff7a41"
"f7dbc8","7affa0"
"f7ffde","797674,00cc75"
"f8100e","27bd99,10f3d2,5bd1d2"
"f829de","c4c005,917408"
"f8383b","377cbf"
"f8447c","0c1731,31cf23,461016,e0a4f6,e25807,31cf23,825bc3,31cf23,0c1731,1397ce,62358c,42864a,1e6222,31cf23,31cf23,ff7a41"
"f858ec","c975ab,e9758b"
"f868b0","d4cbe1"
"f86cd3","efc40d"
"f873a1","1841e4,d7d839,31cf23"
"f87e58","d4cbe1"
"f88a92","fd5da4,42dd53,e9b8bc"
"f8fa0b","7eff7b"
"f90d5f","4a7a89"
"f93600","ecb513,d7fe15"
"f93711","652162"
"f93c57","158dfb,158dfb,9a60f0,177a28,8ffe88,8ffe88,8ffe88,a50243,5bd1d2,5bd1d2,5bd1d2,fd38e2"
"f9400b","af4abb,bdbe96"
"f966e6","31cf23,03f753,b62bb0,31cf23"
"f9923e","341f07"
"f99e7d","1397ce,31cf23"
"f9a37a","19b743"
"f9bdd1","81e5a3,73bb19"
"f9df93","e35c1f,269590,b084b1"
"f9e688","2c8b4b,2c8b4b,2c8b4b,2c8b4b,2c8b4b,2c8b4b,2c8b4b,2c8b4b"
"fa17e8","c78a9a,52ed50,c78a9a,c78a9a,c78a9a,31cf23,c78a9a,5e1fb4"
"fa189c","a21bc8"
"fa608a","6b5347,6b5347,07f610,e5a84a"
"fa73ea","cad06a"
"fa7d5a","f759cd,4e95fb,9cb665,5e1fb4,e8b3dc,d4cbe1,4a3594,6d0997"
"fa8e71","c1e564"
"fab36e","c6fdd1"
"fac83b","33c310"
"fad645","4eea1e"
"fb0a4e","1397ce"
"fb0bd7","e6f0ae,815996"
"fb5254","62c428,6b6f5f,1c6b57"
"fb6091","00381b,cc7bc6"
"fb8d43","10ba5f"
"fb8f93","1c6318"
"fbd3c8","ab9a41"
"fbd64c","69d6d3"
"fbf41e","1cf59a"
"fbf424","cfa630,c7a05b,142b10,616c3e"
"fbfe18","7700af"
"fc0aba","815996"
"fc2607","1397ce"
"fc2bee","30d9e0,cf0387"
"fc2e8c","f7dbc8"
"fc3368","616c3e"
"fc453f","bedbae,bedbae"
"fc4abe","463018"
"fc5730","5ae585"
"fc6526","b6e5f3"
"fc71e8","b6f4a6,9cc56d"
"fc8149","4312be,54dd7c"
"fc98e3","f61ed8"
"fca730","5c04b8"
"fcc099","35be99,960df5,9cdbf8"
"fcc2fd","22a592"
"fcd76d","b5c97c"
"fce0be","5c2f0f"
"fced2c","dbccf7"
"fcf3be","5e1fb4,fd901a"
"fd0c79","260b4d,5da04b"
"fd2933","aa7c0f"
"fd7745","31cf23,31cf23,31cf23,31cf23,31cf23,31cf23,31cf23,31cf23"
"fd7e2d","58e487,292fdd,d58239,1397ce"
"fd824c","5e8a57"
"fd9109","9e0c07,4814cf,68d0f1,6d4c7f,a96c31,b3b57a,79160a,d781c7,c0e45b,e164dd,093805"
"fdab7c","4de219,b02cf6,f1281c"
"fdabba","cc10d6"
"fdafc6","c83c8d,62358c"
"fdc728","de4a4d"
"fdd8a7","0b9131"
"fdeb24","75022f,ead5d6"
"fdf306","1cba68"
"fdf421","1397ce,31cf23"
"fdfee7","8a4cc7,48aa70"
"fe0db8","ba9054"
"fe28a2","4a355b"
"fe2d4d","fd8829"
"fe2ff3","9eb0d0,276483,8db226,b1bc24,2c3e07,dcf893,5960f3,5844a1,7de3f0,167928,e6dbaa,5c157c,5844a1,dabe2e,8a5207,9aca27"
"fe43ea","74d641,74d641"
"fe4e13","553e8a,9abb46,c2a79e,bce470,12313a,c462d6,f76053,2a97e6,f58aa6"
"fe6967","e6ebc0,8b6bd2,d94c88,eff854,d212eb"
"fe8126","62c428,97cc4f,b3cdb3,31cf23"
"fea73b","88f179,90f245"
"fece4a","74dce8,6160dc"
"feda66","46a919,feda66"
"fef458","4a23a0,b22354"
"fef9fe","c74253"
"ff04ae","76989b"
"ff0df3","732f04"
"ff1825","d93130"
"ff2cb5","115cb5,f52f64,faa1f3"
"ff41dd","e15401"
"ff666e","9400ea,db59fe,6b946d"
"ff9120","31cf23,1397ce,0c1731,5e1fb4"
"ffaa7b","113c1b,6ee08b"
"ffc3aa","23ff7a"
"ffec1f","7488f4,616c3e"
"fffe0c","db983a,faf88c,1a6e64"
